"cuisine","atmosphere"
62,11
62,11
62,11
62,11
13,33
37,14
37,14
17,11
17,11
17,11
3,14
3,14
3,14
3,14
3,33
3,33
3,33
3,33
3,33
3,33
3,33
8,24
62,11
37,11
37,11
37,11
37,11
37,24
37,24
37,24
37,24
37,24
3,11
3,11
3,11
3,11
37,11
37,11
37,11
13,11
13,11
3,24
3,24
20,24
26,11
26,11
26,11
37,14
37,14
37,14
37,14
37,14
17,14
17,14
17,14
17,14
3,11
3,11
3,11
48,11
27,14
27,14
27,14
27,14
62,24
62,24
62,24
62,24
62,24
62,24
37,14
37,14
37,14
37,14
17,11
17,11
17,11
46,14
46,14
26,14
26,14
26,14
26,14
27,14
27,14
27,14
27,14
27,14
3,24
3,24
3,24
3,24
3,24
3,24
3,24
3,24
37,11
37,11
37,11
3,11
3,11
3,11
3,11
3,11
3,24
3,24
3,24
3,24
3,24
3,24
37,11
37,11
37,11
13,11
13,11
13,11
13,11
46,14
46,14
46,14
46,14
46,14
46,24
46,24
46,24
46,24
27,11
27,11
27,11
27,11
39,11
39,11
37,14
37,11
37,11
37,11
37,11
17,11
17,11
17,11
17,11
3,24
3,11
3,11
3,11
39,14
39,14
39,14
13,14
13,14
13,14
13,11
13,11
13,11
13,11
13,11
13,11
13,11
77,11
77,11
37,14
37,14
3,24
3,24
3,24
3,24
3,24
3,24
3,24
62,24
62,24
62,24
62,24
62,24
75,14
75,14
3,24
3,24
3,24
3,24
37,24
26,11
26,11
26,11
26,11
26,11
17,11
17,11
17,11
17,11
62,14
62,14
62,14
17,14
17,14
75,24
75,24
3,11
3,11
3,11
3,11
3,11
17,14
17,14
17,14
17,14
3,24
8,24
20,24
20,24
20,24
62,11
62,11
62,11
62,11
62,11
3,24
3,24
26,24
26,24
26,24
62,14
62,14
62,14
37,24
37,24
37,24
37,24
17,11
17,11
27,33
27,33
27,33
27,33
37,24
37,24
37,24
37,24
17,24
17,24
27,14
37,14
37,14
62,14
62,14
37,14
3,14
3,14
3,14
3,14
3,14
3,14
26,11
26,11
26,11
26,11
26,11
26,11
39,14
39,14
62,14
62,14
62,14
37,24
37,11
37,11
37,11
37,33
37,33
62,11
62,11
62,11
62,11
62,11
37,11
37,11
37,11
37,11
62,11
62,11
62,11
62,11
62,11
37,11
37,11
37,11
37,11
67,24
13,11
13,11
13,11
13,11
13,11
13,11
46,24
46,24
46,24
13,24
13,24
13,24
3,11
3,11
3,11
3,11
3,11
3,11
28,24
28,24
28,24
28,24
28,24
62,24
62,24
62,24
62,24
62,24
13,11
13,11
13,11
13,11
13,11
37,24
37,24
37,24
37,24
37,24
3,24
3,24
3,24
27,14
27,14
17,24
13,19
13,19
13,19
13,19
13,19
13,19
26,14
26,14
26,14
27,11
27,11
27,11
27,11
27,11
27,11
27,11
37,14
70,24
70,24
70,24
70,24
70,24
70,24
3,11
3,11
3,11
3,11
26,14
26,14
26,14
26,14
62,24
62,24
62,24
62,24
62,24
37,11
37,11
37,11
37,11
37,11
63,11
63,11
63,11
63,11
63,11
13,11
13,11
13,11
13,11
3,24
3,24
3,24
3,24
3,24
29,24
37,14
37,14
37,14
34,11
34,11
27,11
27,11
27,11
27,11
46,11
62,11
62,11
62,11
62,11
62,11
37,11
37,11
20,11
20,11
20,11
20,11
20,11
29,11
29,11
29,11
3,24
3,24
3,24
3,11
3,11
3,11
3,11
3,11
3,11
37,11
37,11
37,11
37,11
37,11
37,11
37,11
37,14
37,14
37,14
37,14
62,14
37,24
37,24
37,24
37,24
37,24
17,11
17,11
37,11
37,11
37,11
37,11
37,11
38,24
38,24
38,24
62,11
62,11
62,11
17,11
17,11
17,11
37,11
37,11
37,11
37,24
37,24
37,24
37,24
17,11
17,11
17,11
75,24
75,24
20,11
20,11
62,11
62,11
62,11
8,11
8,11
8,11
8,11
37,14
37,14
34,24
37,11
37,11
37,11
39,11
39,11
26,14
26,14
26,14
26,14
26,14
3,11
3,11
3,11
3,11
27,14
27,14
27,14
27,14
3,24
17,14
17,14
17,14
17,14
17,14
27,24
13,14
37,11
37,11
37,11
27,33
27,33
27,33
20,11
20,11
62,11
62,11
62,11
46,24
46,24
46,24
46,11
46,11
46,11
26,14
26,14
26,14
26,14
37,24
37,24
37,24
37,24
37,24
37,11
37,11
37,11
37,11
3,24
62,14
62,14
62,14
39,11
39,11
39,11
39,11
27,14
27,14
27,14
27,14
27,14
27,14
27,14
46,24
46,24
46,24
3,11
3,11
3,11
17,14
17,14
17,14
17,14
3,11
3,11
3,11
3,11
3,11
3,11
3,11
3,11
26,33
26,33
26,33
26,14
26,14
3,11
3,11
3,11
3,11
13,24
29,14
67,14
67,14
67,14
67,14
3,11
3,11
3,11
3,11
3,11
3,11
3,11
60,24
60,24
62,11
62,11
62,11
62,11
62,11
3,14
13,14
13,14
13,14
13,14
27,14
27,14
27,14
27,14
27,14
27,14
27,14
27,24
27,24
27,24
27,24
37,11
34,11
3,11
3,11
3,11
3,11
3,11
3,11
3,11
3,11
3,11
3,11
3,11
3,11
3,11
3,11
27,11
27,11
27,11
27,11
27,11
27,11
27,11
17,11
17,11
17,11
18,14
3,14
18,14
3,14
18,14
3,14
39,33
27,11
27,11
27,11
27,11
27,11
27,11
27,11
27,11
27,11
27,11
3,11
3,11
3,11
3,11
3,11
3,11
3,11
3,11
3,24
27,24
3,14
3,14
3,14
34,24
63,14
27,33
27,33
27,33
27,33
37,14
37,11
37,11
63,11
63,11
37,11
62,11
40,24
3,24
46,24
46,24
3,24
46,24
46,24
3,24
46,24
46,24
62,14
37,11
37,11
37,11
37,11
37,11
3,24
36,24
63,11
63,11
25,11
25,11
17,11
3,14
18,24
3,24
18,24
3,24
18,24
3,24
3,24
8,24
3,24
8,24
27,24
37,11
37,14
37,14
27,33
27,33
27,33
27,33
27,14
27,14
16,24
16,24
16,24
16,24
16,24
16,24
16,24
27,11
27,11
3,11
13,11
19,11
3,11
13,11
19,11
37,14
37,14
37,14
17,24
27,11
37,11
62,11
37,11
62,11
37,11
62,11
39,24
46,24
46,24
3,24
3,24
3,24
3,24
3,24
27,24
75,24
39,14
46,24
46,24
46,24
46,24
46,24
46,24
37,11
3,14
3,14
3,14
3,14
37,14
62,11
3,11
63,11
74,11
62,11
3,11
63,11
74,11
62,11
3,11
63,11
74,11
62,11
3,11
63,11
74,11
62,11
3,11
63,11
74,11
62,11
3,11
63,11
74,11
62,11
3,11
63,11
74,11
62,11
3,11
63,11
74,11
62,11
3,11
63,11
74,11
62,11
3,11
63,11
74,11
3,11
13,11
19,11
3,11
13,11
19,11
67,24
37,24
27,11
27,11
37,11
3,11
3,11
3,11
3,11
46,11
46,11
17,14
17,14
17,14
17,14
17,14
46,11
46,11
46,11
46,11
21,11
33,11
59,11
21,11
33,11
59,11
21,11
33,11
59,11
37,11
62,11
37,14
27,33
27,33
17,11
43,24
43,24
43,24
43,24
43,24
43,24
43,24
37,11
39,11
3,24
3,24
3,24
8,24
3,24
8,24
62,11
37,14
37,11
37,11
37,11
37,11
37,11
46,11
46,11
37,11
37,11
37,24
27,11
3,11
27,11
37,11
37,11
27,14
27,14
27,14
71,11
3,14
3,14
3,14
3,14
3,14
3,14
3,14
37,14
37,14
37,14
37,14
37,11
37,11
37,11
37,11
17,11
22,11
35,11
39,11
41,11
44,11
67,11
17,11
22,11
35,11
39,11
41,11
44,11
67,11
17,11
22,11
35,11
39,11
41,11
44,11
67,11
37,14
37,14
37,14
37,11
37,14
37,11
17,14
27,11
37,11
37,14
3,24
3,24
3,24
3,24
3,11
3,11
27,11
3,11
27,11
3,11
27,11
3,11
27,11
3,11
27,11
17,11
46,11
46,11
3,11
3,11
17,11
37,11
37,24
37,24
37,24
37,14
3,11
3,11
46,24
46,24
46,24
46,24
46,24
46,24
3,14
3,14
3,14
3,14
3,14
3,14
3,14
3,14
63,11
27,33
27,33
27,33
36,24
3,24
3,24
3,24
3,24
3,24
3,24
3,24
3,24
3,24
3,24
27,11
37,11
39,11
39,11
11,11
35,11
67,11
37,24
3,11
3,11
3,11
3,11
3,11
37,11
40,11
45,11
45,11
37,11
3,24
27,24
3,24
27,24
39,14
39,14
39,14
37,11
45,11
63,11
37,11
45,11
63,11
37,11
45,11
63,11
37,11
45,11
63,11
37,11
45,11
63,11
37,11
45,11
63,11
37,11
3,11
63,11
63,11
27,14
27,14
27,14
27,14
39,11
3,14
40,24
40,24
40,24
40,24
3,24
3,24
3,24
3,24
3,24
3,24
3,24
3,24
3,24
59,11
59,11
59,11
59,11
59,11
59,11
59,11
59,11
59,11
59,11
59,11
59,11
59,11
59,11
37,11
37,11
37,11
34,11
37,11
27,33
62,33
27,33
62,33
27,33
62,33
67,24
37,11
62,11
41,11
37,24
27,11
27,11
39,14
39,14
18,24
27,11
3,24
37,24
67,14
67,14
3,24
3,24
37,24
45,24
3,24
3,24
3,24
3,24
37,11
37,11
45,11
47,11
18,11
37,11
3,24
37,24
37,14
37,14
37,14
37,14
37,14
37,14
37,14
37,14
37,14
37,14
3,24
8,24
3,24
8,24
62,14
62,14
37,24
51,24
3,11
10,11
3,11
10,11
3,11
10,11
3,11
10,11
3,11
10,11
3,11
10,11
3,24
3,24
34,24
34,24
34,24
34,24
34,24
37,11
31,14
31,14
31,14
31,14
37,24
27,11
27,11
27,11
46,11
46,11
18,11
3,11
18,11
3,11
18,11
3,11
18,11
3,11
18,11
3,11
18,11
3,11
18,11
3,11
18,11
3,11
18,11
3,11
18,11
3,11
18,11
3,11
18,11
3,11
18,11
3,11
18,11
3,11
18,11
3,11
18,11
3,11
18,11
3,11
18,11
3,11
37,11
37,11
29,14
1,11
1,11
1,11
3,11
73,11
3,24
27,11
34,14
34,14
34,14
34,14
18,24
37,24
18,24
37,24
68,11
63,11
63,11
63,11
63,11
63,11
67,11
40,11
40,11
40,11
41,14
67,11
67,11
3,11
3,11
37,14
3,24
40,11
27,14
27,14
27,14
27,14
27,14
37,11
17,11
22,11
27,14
27,14
3,24
45,24
10,11
3,11
37,11
37,11
37,11
37,11
37,11
37,11
27,11
3,11
3,11
3,11
3,11
3,11
3,11
3,11
3,11
17,11
22,11
43,11
43,11
43,11
43,11
3,11
62,11
63,11
62,11
63,11
39,24
39,24
24,11
37,24
3,14
27,14
45,14
3,14
27,14
45,14
3,14
27,14
45,14
31,24
31,24
31,24
31,24
17,11
22,11
3,24
3,24
3,24
3,24
17,14
3,24
3,24
3,24
46,11
46,11
46,11
46,11
46,11
46,11
46,11
46,11
46,11
46,11
27,14
27,14
27,14
37,14
37,14
37,14
39,24
45,24
45,24
63,11
3,24
3,24
37,11
45,11
37,11
59,24
37,11
3,24
31,24
17,11
17,11
17,11
39,14
39,14
39,14
39,14
37,11
18,24
3,24
18,24
3,24
18,24
3,24
18,24
3,24
18,24
3,24
18,24
3,24
18,24
3,24
18,24
3,24
18,24
3,24
18,24
3,24
18,24
3,24
27,24
27,24
3,14
62,14
46,11
46,11
46,11
46,11
46,11
46,11
3,11
3,11
3,11
3,11
3,11
3,11
37,24
3,11
3,11
59,24
59,24
59,24
59,24
59,24
59,24
27,11
18,11
18,11
18,11
18,11
17,11
17,11
16,24
16,24
3,24
3,24
3,24
3,24
39,14
3,11
27,11
3,11
27,11
3,11
27,11
3,11
27,11
3,14
62,14
3,14
62,14
3,14
62,14
3,14
62,14
3,14
62,14
39,24
39,24
3,11
3,11
17,11
3,24
73,24
61,14
27,11
3,24
37,11
3,11
3,11
3,11
3,11
3,11
3,11
27,11
45,11
27,11
45,11
27,11
45,11
27,11
27,11
65,11
27,11
27,11
27,11
39,11
37,14
45,14
37,14
45,14
37,14
45,14
37,14
45,14
62,11
3,11
17,14
22,14
37,11
37,24
37,24
61,14
61,14
61,14
61,14
61,14
61,14
3,24
27,24
3,24
27,24
3,11
13,11
19,11
18,11
18,11
3,11
3,11
3,11
3,11
37,24
37,24
37,24
37,24
3,24
3,24
3,24
3,24
3,24
3,24
3,24
3,24
3,24
3,24
3,24
3,24
3,11
3,11
17,11
17,11
37,11
17,11
20,11
3,11
62,11
3,11
62,11
3,11
62,11
3,11
62,11
3,24
3,24
3,24
3,24
17,14
17,14
17,14
63,11
63,11
27,24
37,11
3,14
62,14
37,14
40,14
3,24
3,24
3,24
3,24
3,24
13,24
19,24
3,24
13,24
19,24
3,24
13,24
19,24
3,24
13,24
19,24
34,11
27,14
59,14
27,14
59,14
27,14
59,14
37,11
3,24
37,24
27,11
27,11
27,11
3,24
62,24
39,11
37,14
37,14
37,14
37,14
37,14
37,14
37,11
37,11
37,11
37,11
37,11
37,14
37,14
37,11
37,11
67,11
37,11
37,11
37,11
37,11
37,11
37,11
37,11
37,11
37,11
37,11
3,11
3,11
3,11
3,14
3,24
20,24
3,24
31,24
3,24
31,24
37,11
37,11
37,11
37,11
37,11
17,11
17,14
17,14
17,14
17,14
27,11
27,11
37,11
65,11
37,11
65,11
3,11
31,11
3,11
31,11
3,11
31,11
27,11
37,11
27,11
37,11
27,11
37,11
27,11
37,11
27,11
37,11
37,14
37,11
39,14
37,11
27,11
37,11
37,11
37,11
37,11
37,11
3,11
62,11
37,24
65,24
27,14
3,11
27,11
3,11
27,11
3,11
27,11
3,11
27,11
3,11
27,11
27,11
3,11
63,24
37,11
3,11
3,11
3,11
3,11
3,11
3,11
3,11
3,11
3,11
3,11
37,11
37,11
37,11
27,14
27,14
27,14
46,24
46,24
37,11
37,11
37,11
17,11
37,11
37,11
71,11
17,14
37,11
37,11
27,11
27,11
27,11
27,11
46,14
46,14
46,14
46,14
46,14
46,14
3,24
17,11
29,24
29,24
29,24
29,24
29,24
29,24
3,11
8,11
3,11
8,11
3,24
37,11
37,11
37,11
37,11
37,11
37,11
37,11
27,11
3,24
31,24
3,24
31,24
3,24
31,24
3,24
31,24
3,24
31,24
3,24
31,24
27,11
75,11
17,14
63,11
3,11
3,11
3,11
3,11
39,24
37,24
37,14
37,14
67,24
67,24
18,24
3,24
18,24
3,24
3,24
3,24
3,24
3,24
3,24
3,24
3,24
37,11
27,14
27,14
27,14
27,14
27,14
27,14
73,11
73,24
73,24
73,24
73,24
73,24
73,24
3,24
3,24
37,11
27,11
27,11
27,11
4,24
3,24
3,11
17,11
3,11
17,11
37,11
3,11
3,11
3,11
3,11
3,11
3,11
3,11
3,11
3,11
3,11
3,11
3,11
3,11
3,11
37,11
31,24
31,24
29,11
29,11
29,11
29,11
29,11
34,14
34,14
34,14
34,14
62,11
3,14
3,14
3,14
3,14
3,14
37,14
37,14
37,14
37,14
37,14
39,24
39,24
27,11
27,11
27,11
27,11
62,11
37,11
37,11
39,11
37,14
39,14
39,14
29,14
45,14
62,14
29,14
45,14
62,14
29,14
45,14
62,14
37,24
3,24
31,24
31,24
31,24
31,24
31,24
27,11
27,33
27,33
27,33
27,33
37,11
73,11
3,24
31,24
37,24
3,24
31,24
37,24
37,11
3,11
16,11
3,11
16,11
3,11
16,11
3,11
16,11
3,11
16,11
27,11
40,14
40,14
40,14
40,14
3,11
3,24
15,24
15,24
15,24
37,11
37,11
39,14
39,14
62,14
3,11
37,11
37,11
3,14
3,14
34,11
34,11
37,14
34,14
34,14
34,14
34,14
3,11
73,11
3,11
73,11
3,11
73,11
3,11
73,11
3,11
73,11
37,11
27,14
27,14
27,14
13,11
19,11
13,11
19,11
13,11
19,11
13,11
19,11
27,14
27,14
27,14
37,24
37,24
37,24
37,24
12,11
46,11
46,11
12,11
46,11
46,11
12,11
46,11
46,11
12,11
46,11
46,11
12,11
46,11
46,11
12,11
46,11
46,11
3,24
3,24
3,24
3,24
37,11
3,24
31,24
3,24
31,24
3,11
3,11
3,11
3,11
37,11
3,11
8,11
27,11
27,11
27,11
37,11
37,11
28,11
28,11
3,24
3,24
46,24
46,24
46,24
46,24
37,24
37,24
75,11
3,11
3,11
37,11
37,11
37,11
3,24
45,24
63,11
63,11
27,11
28,11
37,11
65,11
27,11
28,11
37,11
65,11
27,11
28,11
37,11
65,11
27,11
28,11
37,11
65,11
39,14
27,11
27,11
27,11
34,24
17,11
37,14
37,14
17,11
17,11
37,33
37,11
39,11
17,14
22,14
17,14
22,14
75,14
37,24
3,24
31,24
3,24
31,24
27,14
27,14
27,14
27,14
27,11
37,11
45,11
70,11
67,14
67,14
67,14
27,14
27,14
18,24
3,11
3,11
3,11
3,11
3,11
3,11
3,11
37,14
37,11
45,11
37,11
45,11
37,11
45,11
37,11
45,11
3,24
3,24
3,24
3,24
3,24
3,24
3,24
3,24
3,24
3,24
37,14
37,11
3,11
3,11
3,11
3,11
3,11
3,11
27,11
27,11
27,14
27,14
27,14
27,14
27,14
46,24
46,24
31,24
3,14
31,14
3,14
31,14
3,14
31,14
3,14
31,14
3,14
31,14
3,14
31,14
37,11
37,11
39,11
37,11
17,11
17,11
17,11
3,24
27,11
37,14
39,14
39,14
3,24
3,24
3,24
3,24
3,24
3,24
39,11
39,11
59,11
59,11
59,11
59,11
59,11
59,11
59,11
3,24
31,24
37,11
18,19
27,19
37,19
17,11
31,24
37,14
37,14
39,14
37,24
45,24
62,24
37,24
45,24
62,24
37,11
3,24
37,14
37,14
37,14
37,14
37,14
37,24
37,24
3,24
31,24
3,24
31,24
3,24
31,24
39,14
37,14
40,11
62,11
40,11
62,11
3,14
39,14
39,14
39,14
46,11
46,11
39,14
37,11
3,24
31,24
37,11
37,11
27,11
27,11
16,11
16,11
3,24
16,24
17,24
39,24
3,24
16,24
17,24
39,24
3,24
16,24
17,24
39,24
3,24
16,24
17,24
39,24
18,11
3,11
18,11
3,11
18,11
3,11
5,24
59,24
3,11
3,11
18,11
18,11
37,11
29,14
27,11
17,11
22,11
17,11
22,11
37,14
37,14
37,11
37,11
37,11
37,11
37,11
27,11
27,11
27,11
16,11
20,11
16,11
20,11
16,11
20,11
16,11
20,11
16,11
20,11
16,11
20,11
16,11
20,11
43,24
37,24
17,24
37,11
37,11
3,24
67,11
27,14
27,14
27,14
3,24
3,24
3,24
67,14
67,14
43,11
43,11
43,11
43,11
53,11
53,11
53,11
53,11
37,11
37,14
45,14
62,14
37,14
45,14
62,14
37,14
45,14
62,14
46,24
46,24
46,24
46,24
46,24
46,24
46,24
46,24
3,11
3,11
37,11
3,24
9,11
3,11
27,14
3,14
62,14
3,14
62,14
3,14
62,14
3,14
62,14
3,14
62,14
3,14
62,14
3,14
62,14
3,14
62,14
3,14
62,14
3,14
62,14
3,14
62,14
3,14
62,14
3,14
62,14
3,14
62,14
3,14
62,14
3,14
62,14
3,14
62,14
3,14
62,14
3,14
62,14
3,14
62,14
29,11
29,11
29,11
3,14
3,14
37,24
45,24
37,24
45,24
37,24
45,24
3,11
3,11
27,11
27,11
34,11
39,11
39,24
39,24
3,11
3,11
3,11
3,11
3,11
3,11
37,11
37,19
37,19
37,24
37,11
62,11
62,11
62,11
62,11
45,11
63,11
45,11
3,11
34,24
34,24
34,24
34,24
27,24
37,11
3,11
27,14
37,24
3,14
31,24
46,24
46,24
17,14
17,14
17,14
17,14
27,11
37,11
37,11
17,11
67,11
3,14
3,14
3,14
3,14
27,24
3,14
3,14
3,14
3,14
37,11
37,14
37,11
3,24
13,24
19,24
3,24
13,24
19,24
8,24
31,24
8,24
31,24
8,24
31,24
37,24
37,24
18,11
73,11
3,24
3,24
3,24
3,24
63,11
63,11
63,11
63,11
63,11
63,11
63,11
63,11
63,11
37,11
3,11
3,14
3,14
3,14
3,14
3,14
3,14
3,14
3,14
37,14
37,14
27,33
27,33
27,33
11,11
17,11
22,11
17,11
22,11
10,24
3,24
37,14
3,14
37,14
37,11
62,11
62,11
62,11
37,11
37,11
37,11
37,11
40,11
40,11
40,11
37,24
37,14
37,11
37,24
37,24
37,24
18,24
27,24
37,24
45,24
70,24
37,24
3,11
3,11
3,11
3,11
3,11
3,11
3,11
39,14
37,11
17,11
3,24
31,24
13,11
19,11
31,11
13,11
19,11
31,11
34,11
34,11
3,11
3,11
37,11
3,11
3,11
3,11
3,11
3,11
3,11
3,11
3,11
3,11
3,11
3,11
3,11
3,11
3,11
17,11
3,11
40,11
67,14
67,14
29,14
62,14
3,11
3,11
3,11
3,11
3,11
3,11
3,11
63,11
63,11
3,11
3,11
3,11
3,11
37,11
3,11
3,11
3,11
27,11
17,11
22,11
17,11
22,11
27,11
27,11
27,11
27,11
27,11
27,11
17,11
3,24
27,24
3,24
27,24
67,11
67,11
37,11
37,11
37,11
37,11
3,11
62,11
3,11
62,11
3,11
62,11
3,11
62,11
3,11
62,11
3,11
62,11
3,11
62,11
45,11
45,11
37,11
45,11
31,11
36,11
31,11
36,11
31,11
36,11
37,11
37,11
3,11
3,11
3,11
3,11
3,11
3,11
3,11
3,11
37,14
45,14
37,14
45,14
37,14
45,14
8,24
3,11
3,11
17,14
17,14
37,24
62,24
37,11
37,11
37,11
27,14
27,14
27,14
12,11
46,11
46,11
12,11
46,11
46,11
12,11
46,11
46,11
12,11
46,11
46,11
67,11
67,11
3,24
28,24
3,24
28,24
37,14
37,14
37,14
37,14
37,14
45,11
27,11
37,24
39,14
37,11
18,11
3,11
18,11
3,11
18,11
3,11
18,11
3,11
18,11
3,11
37,11
3,11
28,11
16,24
62,24
62,11
62,11
3,24
3,24
17,11
22,11
37,24
37,24
37,24
37,24
18,11
3,11
3,11
37,11
62,11
45,14
70,14
27,24
37,24
27,24
37,24
27,24
37,24
27,24
37,24
27,14
27,14
3,11
16,11
62,11
3,11
16,11
62,11
3,11
16,11
62,11
3,11
16,11
62,11
3,11
16,11
62,11
3,11
16,11
62,11
3,14
3,14
3,14
39,11
18,24
3,24
31,24
73,24
37,11
40,11
8,24
8,24
8,24
8,24
8,24
27,14
27,14
27,14
27,14
27,11
27,11
27,11
27,24
39,11
37,11
3,11
37,11
45,11
3,11
37,11
45,11
3,11
37,11
45,11
3,24
31,24
17,14
17,14
17,14
17,14
37,24
37,24
37,11
47,24
37,11
3,24
3,24
3,24
3,24
39,24
3,24
3,24
37,11
37,11
37,11
37,11
37,11
37,11
27,14
17,11
37,14
37,11
17,11
27,11
46,19
46,19
37,11
33,11
33,11
33,11
33,11
33,11
37,24
37,24
37,24
37,24
37,11
37,14
37,14
16,11
16,11
17,11
46,24
46,24
46,24
46,24
46,24
46,24
46,24
46,24
27,11
45,11
27,11
45,11
41,24
37,11
37,11
39,11
39,11
17,11
62,14
62,14
62,14
62,14
62,14
37,11
37,11
3,14
62,14
73,14
3,14
62,14
73,14
37,11
37,11
37,11
37,11
37,11
37,11
37,11
37,11
37,11
62,24
27,24
27,24
27,24
27,24
37,11
37,11
37,11
37,11
37,11
37,11
21,11
37,11
37,11
37,11
3,24
3,24
37,24
3,24
3,24
37,24
3,24
3,24
37,24
3,24
3,24
37,24
3,24
3,24
37,24
3,24
3,24
37,24
27,14
27,14
27,14
27,14
27,14
27,14
29,11
29,11
27,11
27,11
27,11
37,11
37,11
37,11
37,11
46,24
46,24
37,14
3,24
3,24
3,24
3,24
3,24
3,24
27,14
27,14
37,24
17,11
22,11
3,14
3,14
3,14
3,14
67,14
17,11
22,11
18,11
18,11
27,24
27,24
67,14
67,11
3,11
31,11
3,11
31,11
3,11
31,11
3,11
31,11
37,11
62,11
37,11
62,11
37,11
62,11
39,14
39,14
46,14
46,14
46,14
46,14
46,14
46,14
46,14
46,14
46,14
46,14
46,14
46,14
46,14
46,14
67,14
67,14
67,14
37,14
37,14
37,14
37,14
37,14
37,11
40,11
3,24
3,24
3,24
3,24
3,24
3,24
3,11
17,11
22,11
16,11
37,11
37,24
37,24
37,24
27,24
27,24
3,14
29,14
29,14
3,24
27,11
27,11
27,11
34,24
37,11
37,11
10,24
3,24
62,24
53,11
3,11
3,11
27,11
27,11
67,14
17,11
37,11
17,11
18,24
18,24
18,24
18,24
18,24
18,24
37,24
27,11
37,24
73,24
37,24
73,24
3,24
31,24
3,24
31,24
3,24
31,24
3,24
31,24
3,24
31,24
3,24
31,24
3,24
31,24
3,24
31,24
1,11
1,11
27,11
52,11
3,11
4,14
37,14
3,14
3,14
37,11
3,24
3,24
27,14
27,24
34,11
34,11
34,11
34,11
3,24
3,24
3,24
3,24
3,24
3,24
3,24
3,24
3,24
3,33
3,33
3,33
3,11
3,11
3,24
31,24
3,24
31,24
3,24
31,24
27,24
43,24
17,14
22,14
62,14
17,14
22,14
62,14
17,14
22,14
62,14
37,11
37,11
3,19
36,19
37,24
37,14
39,24
39,24
3,24
31,24
3,24
31,24
3,24
31,24
3,24
31,24
3,24
31,24
3,24
31,24
3,24
31,24
3,24
31,24
3,11
3,11
3,11
3,11
37,11
3,14
3,14
3,14
3,14
18,24
37,24
18,24
37,24
18,24
37,24
34,11
34,11
3,24
3,24
3,24
3,24
3,24
18,24
3,24
31,24
18,24
3,24
31,24
18,24
3,24
31,24
18,24
3,24
31,24
18,24
3,24
31,24
18,24
3,24
31,24
27,14
37,11
17,11
17,11
39,11
63,11
17,11
22,11
62,11
3,24
3,14
3,14
3,14
3,14
3,14
3,14
3,14
3,14
3,14
3,24
3,24
3,24
3,24
37,24
3,24
37,24
3,24
37,24
34,11
13,24
19,24
13,24
19,24
13,24
19,24
13,24
19,24
13,24
19,24
13,24
19,24
13,24
19,24
13,24
19,24
3,11
3,11
3,11
3,11
3,11
3,11
3,11
3,24
37,24
3,24
37,24
27,24
27,24
27,24
27,24
27,24
37,11
18,11
3,11
3,11
67,24
3,14
27,14
3,14
27,14
3,14
27,14
37,11
53,24
31,11
31,11
31,11
31,11
27,11
18,24
3,24
3,14
3,14
3,14
3,14
3,14
3,14
27,14
27,14
39,11
37,11
37,11
37,11
37,11
37,11
3,11
3,11
3,11
3,11
27,11
18,14
37,14
37,24
37,24
37,24
37,14
17,14
17,14
41,11
3,14
3,14
3,14
3,14
10,11
20,11
3,11
10,11
20,11
3,11
36,24
37,11
3,24
31,24
3,24
31,24
3,24
31,24
3,24
31,24
39,14
3,11
3,11
37,11
3,11
3,11
37,11
37,14
3,24
31,24
3,24
31,24
3,14
3,14
37,24
37,14
37,14
37,14
34,11
18,11
37,11
3,14
3,14
3,14
3,14
3,14
3,11
3,11
37,14
37,11
37,11
37,11
37,14
37,11
34,11
34,11
34,11
34,11
37,24
62,24
44,11
40,11
40,11
40,11
40,11
40,11
40,11
17,11
3,24
3,24
3,24
3,24
3,24
3,14
3,14
27,11
27,14
27,14
27,14
12,24
46,24
46,24
12,24
46,24
46,24
12,24
46,24
46,24
12,24
46,24
46,24
3,11
8,11
31,11
17,24
20,24
17,24
20,24
17,24
20,24
17,24
20,24
17,24
20,24
17,24
20,24
17,24
20,24
17,24
20,24
62,14
3,24
62,24
3,11
62,11
11,14
3,11
37,11
3,11
73,11
3,11
73,11
3,11
73,11
3,11
73,11
3,11
73,11
27,11
75,11
17,11
17,11
17,11
17,11
3,24
40,24
3,24
40,24
67,11
18,11
3,11
18,11
3,11
18,11
3,11
18,11
3,11
18,11
3,11
18,11
3,11
20,11
63,11
16,11
18,11
3,11
40,11
40,11
40,11
40,11
40,11
40,11
27,11
27,33
18,11
3,11
3,11
37,11
37,11
37,14
37,11
70,11
33,11
27,14
27,14
27,14
27,14
27,14
17,14
1,11
18,11
3,11
18,11
3,11
18,11
3,11
18,11
3,11
18,11
3,11
18,11
3,11
18,11
3,11
18,11
3,11
18,11
3,11
18,11
3,11
18,11
3,11
18,11
3,11
46,24
46,24
73,24
46,24
46,24
73,24
1,11
1,11
1,11
3,11
3,11
3,11
3,11
3,11
13,11
19,11
37,11
37,11
37,11
18,11
18,11
37,24
37,24
37,24
37,24
37,24
3,14
3,14
3,14
3,14
17,11
40,11
37,11
17,24
17,24
18,24
11,24
35,24
37,11
3,11
13,11
19,11
46,14
46,14
27,14
46,11
46,11
3,24
3,24
3,24
3,24
16,11
3,11
3,11
3,24
3,24
3,24
3,24
37,11
37,14
37,14
37,14
39,11
17,11
37,11
37,11
37,14
27,14
27,14
27,14
3,24
3,24
3,24
3,24
27,11
3,24
3,24
75,11
17,11
27,11
62,11
27,11
62,11
37,14
37,14
37,14
37,14
37,14
46,24
46,24
46,24
46,24
46,24
46,24
37,14
37,11
37,14
39,11
37,24
37,24
37,24
37,24
37,24
37,24
37,24
3,14
27,11
39,14
34,11
34,11
3,14
3,14
3,14
37,11
37,11
37,11
37,11
37,11
37,11
39,11
39,11
3,24
31,24
3,24
31,24
3,24
31,24
37,24
37,24
37,24
37,24
3,14
45,14
3,24
10,24
3,24
3,24
10,24
3,24
3,24
10,24
3,24
3,24
10,24
3,24
3,24
10,24
3,24
3,24
10,24
3,24
3,24
10,24
3,24
3,24
10,24
3,24
62,11
3,19
31,19
3,19
31,19
3,24
33,11
33,11
3,24
3,24
3,24
37,11
17,11
75,11
37,14
37,14
37,14
37,14
37,14
46,24
46,24
46,24
46,24
46,24
46,24
3,24
37,14
37,14
37,14
37,14
27,11
27,11
75,11
75,11
75,11
75,11
75,11
39,11
17,14
22,14
3,24
3,24
3,24
3,24
3,11
46,19
46,19
46,19
46,19
46,19
46,19
46,19
46,19
46,24
46,24
46,24
46,24
46,24
46,24
46,24
46,24
18,11
37,11
18,11
37,11
18,11
37,11
46,11
46,11
46,11
46,11
46,11
46,11
3,24
3,11
37,11
18,14
18,14
40,11
46,14
46,14
46,14
46,14
46,14
46,14
27,11
37,24
40,24
37,24
40,24
37,24
40,24
37,24
40,24
27,11
27,11
16,11
16,11
37,11
37,11
37,11
37,11
29,11
37,11
27,14
27,11
12,24
46,24
46,24
12,24
46,24
46,24
17,11
17,11
25,24
3,24
8,24
3,24
8,24
17,14
35,11
35,11
37,24
37,24
37,24
37,24
37,14
27,11
3,11
27,11
37,24
37,24
37,24
13,11
19,11
13,11
19,11
13,11
19,11
13,11
19,11
27,24
3,33
3,33
3,33
3,33
18,24
3,24
18,24
3,24
18,24
3,24
37,11
37,11
12,11
46,11
46,11
37,11
3,24
37,24
39,11
39,11
3,11
3,11
3,11
3,11
3,11
3,11
3,11
3,11
3,11
3,11
3,11
3,11
31,11
3,11
31,11
37,14
37,14
67,14
37,11
46,24
46,24
46,24
46,24
46,24
46,24
46,24
46,24
46,24
46,24
46,24
46,24
27,24
75,11
3,24
3,24
31,24
3,24
31,24
3,24
31,24
3,24
31,24
68,11
3,11
53,11
17,14
17,14
3,14
27,14
3,14
27,14
3,14
27,14
3,14
27,14
3,14
27,14
3,14
27,14
3,14
27,14
37,11
37,11
37,11
37,11
3,11
3,11
3,11
3,11
3,11
3,11
3,11
3,11
3,11
3,11
3,11
3,11
3,14
3,14
3,14
3,14
3,14
3,14
27,11
27,11
37,11
37,11
37,11
17,14
17,14
27,24
37,11
31,24
31,24
31,24
31,24
31,24
31,24
31,24
31,24
27,11
27,11
27,24
27,24
37,11
3,24
37,24
37,11
37,14
27,14
27,14
27,14
27,14
37,11
45,11
27,11
39,14
39,24
39,24
39,24
3,24
31,24
3,24
31,24
3,24
3,24
3,24
3,24
46,11
46,11
73,11
46,11
46,11
73,11
46,11
46,11
73,11
46,11
46,11
73,11
46,11
46,11
73,11
34,14
73,14
34,14
73,14
34,14
73,14
34,14
73,14
17,11
17,11
17,11
3,11
3,11
3,11
3,11
3,11
3,11
3,11
3,11
3,11
3,11
3,11
3,11
45,11
45,11
45,11
45,11
45,11
45,11
45,11
8,14
67,14
3,24
3,24
3,24
3,24
3,24
3,24
46,11
46,11
46,11
46,11
46,11
46,11
28,14
28,14
28,14
28,14
28,14
27,14
27,14
27,14
27,14
27,14
27,14
3,14
3,14
3,14
3,14
3,14
17,11
67,11
17,11
67,11
17,11
67,11
17,11
67,11
17,11
67,11
3,14
3,14
3,14
3,14
3,14
3,14
3,14
3,14
39,11
34,11
34,11
34,11
34,11
37,14
3,14
3,14
3,14
3,14
3,14
3,14
3,14
3,14
37,11
37,11
37,11
3,14
37,14
37,14
37,14
37,14
46,11
46,11
46,11
46,11
46,11
46,11
46,11
46,11
46,11
46,11
62,11
62,11
62,11
37,11
37,11
3,11
3,11
3,11
3,11
3,14
73,14
3,14
73,14
3,14
73,14
3,14
73,14
46,14
46,14
46,14
46,14
46,14
46,14
46,14
46,14
46,14
46,14
46,14
46,14
46,14
46,14
46,14
46,14
3,11
3,11
3,11
3,11
34,11
34,11
34,11
67,14
67,14
67,14
39,14
39,14
39,14
39,14
39,14
75,11
75,11
75,11
75,11
67,14
17,24
17,24
17,24
17,24
39,14
39,14
39,14
39,14
27,11
27,11
27,11
27,11
27,11
27,11
27,11
27,11
27,11
27,11
20,11
63,11
20,11
63,11
20,11
63,11
20,11
63,11
17,14
29,11
29,11
29,11
39,11
39,11
39,11
37,11
37,11
37,11
37,11
37,11
73,24
73,24
13,11
19,11
13,11
19,11
40,11
40,11
45,11
40,11
40,11
45,11
40,11
40,11
45,11
40,11
40,11
45,11
37,11
37,11
37,11
37,11
37,11
27,11
27,11
27,11
27,11
27,11
27,11
3,11
3,11
3,11
3,11
3,11
3,11
3,11
3,11
3,11
3,11
3,11
3,11
3,11
62,14
62,14
62,14
37,11
37,11
37,11
62,24
62,24
62,24
62,24
62,24
59,14
59,14
59,14
46,24
46,24
46,24
46,24
46,24
46,24
46,24
46,24
46,24
46,24
46,24
46,24
46,24
46,24
46,24
46,24
46,24
46,24
3,14
3,14
3,14
3,14
3,14
3,11
3,11
3,11
3,11
62,11
62,11
46,24
46,24
46,24
46,24
46,24
46,24
17,14
37,11
37,11
46,24
46,24
37,11
37,11
37,11
37,11
3,11
3,11
3,11
3,11
3,11
8,11
8,11
8,11
8,11
27,11
27,11
27,11
27,11
17,24
17,24
17,24
17,24
17,24
17,24
73,11
73,11
73,11
73,11
37,11
34,14
37,24
37,24
37,24
37,24
27,11
28,11
28,11
28,11
28,11
28,11
39,11
39,11
39,11
39,11
39,11
13,14
19,14
13,14
19,14
13,14
19,14
13,14
19,14
16,11
20,11
16,11
20,11
16,11
20,11
16,11
20,11
16,11
20,11
3,19
3,19
3,19
3,19
3,19
3,19
3,19
3,19
45,14
73,14
45,14
73,14
45,14
73,14
45,14
73,14
45,14
45,14
45,14
45,14
3,11
37,11
3,11
37,11
3,11
37,11
3,11
37,11
3,11
37,11
8,11
8,11
8,11
8,11
8,11
8,11
8,11
8,11
8,11
8,11
8,11
8,11
8,11
8,11
8,11
17,11
17,11
17,11
17,11
3,14
13,14
19,14
3,14
13,14
19,14
3,14
13,14
19,14
3,11
3,11
3,11
3,11
3,11
3,11
3,11
3,11
3,11
3,11
3,11
3,11
3,11
3,11
3,11
75,14
75,14
75,14
75,14
2,11
2,11
2,11
2,11
16,14
62,14
16,14
62,14
16,14
62,14
16,14
62,14
16,14
62,14
3,14
3,14
3,14
3,14
3,14
3,14
3,14
3,14
3,14
3,14
3,14
3,14
3,11
73,11
3,11
73,11
3,11
73,11
3,11
73,11
3,11
73,11
3,11
73,11
62,11
62,11
62,11
3,14
3,14
3,14
3,14
3,14
3,14
62,24
62,24
62,24
62,24
17,11
16,11
20,11
16,11
20,11
16,11
20,11
16,11
20,11
16,11
20,11
3,14
3,14
3,14
3,14
3,14
3,14
3,11
37,11
3,11
37,11
37,11
37,11
37,11
17,14
17,14
17,14
17,14
17,14
17,14
37,11
37,11
37,11
37,11
39,14
39,14
39,14
39,14
3,11
3,11
27,11
37,11
37,11
27,11
37,11
37,11
27,11
37,11
37,11
27,11
37,11
37,11
39,14
39,14
39,14
39,14
3,11
27,11
3,11
27,11
3,11
27,11
3,11
27,11
3,11
27,11
3,11
27,11
3,11
27,11
37,11
37,11
37,11
37,11
37,11
37,11
34,24
34,24
3,11
3,11
37,11
37,11
16,11
16,11
50,14
50,14
50,14
3,14
46,14
46,14
37,11
37,11
67,11
67,11
67,11
8,11
8,11
8,11
8,11
3,14
3,14
3,14
3,14
3,14
3,14
34,11
34,11
40,11
40,11
40,11
40,11
17,11
17,11
17,11
37,11
37,11
37,11
8,11
8,11
8,11
37,11
37,11
37,11
37,11
37,11
37,11
3,14
3,14
3,14
3,14
37,11
37,11
37,11
37,11
37,11
37,11
17,14
17,14
17,33
17,33
29,11
37,11
29,11
37,11
3,24
3,24
3,24
3,24
3,24
3,24
3,24
3,24
3,24
3,24
3,24
3,24
3,24
3,24
3,24
3,24
37,11
37,11
37,11
37,11
37,11
17,11
17,11
17,11
3,11
3,11
3,11
62,11
3,11
62,11
3,11
62,11
3,11
62,11
3,11
62,11
3,11
62,11
3,11
62,11
3,11
62,11
3,11
62,11
3,11
62,11
3,11
62,11
3,11
3,11
3,11
20,11
3,11
20,11
3,11
20,11
3,11
20,11
3,24
3,24
3,24
3,24
3,24
3,24
3,24
3,24
65,11
65,11
65,11
65,11
65,11
65,11
65,11
65,11
62,11
62,11
62,11
62,11
62,11
37,11
37,11
37,11
37,33
37,33
37,33
37,33
37,33
37,33
37,11
37,11
37,11
37,11
37,24
37,24
37,24
37,24
37,24
37,24
27,11
27,11
27,11
27,11
3,11
3,11
3,11
3,11
3,11
3,11
3,11
37,14
37,14
37,14
37,14
3,14
3,14
3,14
3,14
3,14
3,14
3,14
3,14
37,11
37,11
59,14
40,11
40,11
40,11
17,11
67,11
37,11
37,11
37,11
34,14
34,14
34,14
34,14
34,14
3,11
3,11
3,11
57,11
57,11
57,11
57,11
57,11
39,14
39,14
39,14
3,24
3,24
3,24
3,24
3,24
3,24
3,24
3,24
3,24
3,24
3,24
3,24
67,14
3,11
3,11
3,11
3,11
3,11
3,11
3,11
3,11
3,14
3,14
3,11
3,11
34,11
34,11
34,11
34,11
34,11
13,11
19,11
13,11
19,11
13,11
19,11
13,11
19,11
13,11
19,11
62,11
62,11
62,11
62,11
62,11
62,11
3,24
3,24
27,14
27,14
27,14
37,11
37,11
37,11
37,11
37,11
37,11
17,14
17,14
3,14
50,14
62,14
3,14
50,14
62,14
3,14
50,14
62,14
17,14
3,11
3,11
67,14
3,24
3,24
3,24
3,24
3,24
3,24
3,24
3,24
3,24
3,24
34,14
34,14
17,11
17,11
17,11
27,11
27,11
27,11
27,11
27,11
27,11
27,11
27,11
27,11
34,14
34,14
34,14
34,14
34,14
37,11
37,11
37,11
37,11
37,11
37,11
2,11
45,11
2,11
45,11
2,11
45,11
2,11
45,11
27,33
27,33
3,11
3,11
37,11
37,14
37,14
62,11
62,11
62,11
62,11
3,14
3,14
3,14
37,11
37,11
37,11
37,11
37,11
37,11
37,11
37,14
62,11
62,11
62,11
62,11
62,11
62,11
62,11
62,11
62,11
62,11
62,11
62,11
62,11
62,11
62,11
62,11
3,33
3,33
3,33
3,33
3,33
3,33
2,11
2,11
2,11
3,24
73,24
3,24
73,24
3,24
73,24
3,24
73,24
3,24
73,24
3,24
73,24
3,24
73,24
3,24
73,24
3,11
62,11
3,11
62,11
3,11
62,11
3,11
62,11
3,11
62,11
3,11
62,11
3,11
62,11
3,11
62,11
46,11
46,11
17,14
17,14
3,33
62,33
3,33
62,33
3,33
62,33
3,33
62,33
3,33
62,33
3,33
62,33
3,33
62,33
3,33
62,33
3,33
62,33
3,33
62,33
3,33
62,33
3,33
62,33
8,14
8,14
8,14
8,14
27,11
27,11
27,11
27,11
27,11
62,24
62,24
62,24
62,24
62,24
3,14
3,14
3,14
3,14
3,14
3,14
3,14
17,11
17,11
17,11
17,11
17,11
17,14
41,14
17,14
41,14
17,14
41,14
17,14
41,14
3,14
3,14
3,14
3,14
3,14
3,11
3,11
3,11
3,11
3,11
67,14
67,14
67,14
46,11
46,11
46,11
46,11
46,11
46,11
46,11
46,11
62,24
62,24
62,24
62,24
37,14
37,14
37,14
17,24
17,24
17,24
17,24
3,11
3,11
3,11
3,11
46,14
46,14
62,24
62,24
62,24
67,11
67,11
67,11
67,11
67,11
8,14
8,14
8,14
8,14
8,14
8,14
8,14
8,14
8,14
8,14
8,14
8,14
20,14
20,14
20,14
20,14
20,14
20,14
37,14
37,14
37,14
37,14
17,14
8,24
8,24
8,24
8,24
8,24
8,24
8,24
8,24
73,11
73,11
73,11
73,11
73,11
73,11
73,11
73,11
73,11
73,11
73,11
73,11
73,11
73,11
73,11
73,11
73,11
73,11
73,11
73,11
3,11
3,11
3,11
3,11
3,11
3,11
3,11
3,11
3,11
3,11
3,11
3,11
3,11
3,11
63,19
63,19
63,19
63,19
63,19
63,19
63,19
39,14
39,14
39,14
39,14
37,14
37,14
3,24
37,11
37,11
37,11
37,11
37,11
37,11
39,14
39,14
39,14
3,11
3,11
3,11
39,14
39,14
37,24
37,24
37,24
26,14
76,14
13,14
19,14
26,14
76,14
13,14
19,14
26,14
76,14
13,14
19,14
37,14
37,14
37,14
37,14
26,14
76,14
26,14
76,14
26,14
76,14
46,11
46,11
46,11
46,11
46,11
46,11
46,11
46,11
37,11
37,11
27,14
45,14
27,14
45,14
27,14
45,14
27,14
45,14
9,14
9,14
9,14
13,14
19,14
13,14
19,14
37,14
37,14
37,14
37,14
73,14
37,11
37,11
27,14
27,14
27,14
3,11
3,11
3,11
3,11
8,11
3,11
8,11
3,11
8,11
46,11
46,11
46,11
46,11
46,11
46,11
46,11
46,11
46,11
46,11
46,11
46,11
3,11
3,11
3,11
3,11
3,11
3,11
67,24
67,24
26,14
76,14
49,14
26,14
76,14
49,14
26,14
76,14
49,14
26,14
76,14
49,14
17,14
17,14
39,24
73,11
73,11
37,24
37,24
37,24
37,11
37,11
37,11
37,11
37,11
37,11
37,11
37,14
37,11
37,11
27,14
27,14
27,14
27,14
34,11
34,11
34,11
34,11
37,11
46,11
46,11
46,11
46,11
46,11
46,11
46,11
46,11
46,11
46,11
3,14
3,14
3,14
3,14
46,11
46,11
46,11
46,11
46,11
46,11
46,11
46,11
46,11
46,11
46,11
46,11
67,14
67,14
3,11
3,11
3,11
3,11
3,11
3,11
3,11
3,11
37,11
37,11
37,11
37,11
37,11
46,11
46,11
46,11
46,11
46,11
46,11
27,11
27,11
27,11
27,11
37,11
37,11
4,11
16,11
3,11
37,11
16,24
3,24
48,24
16,24
3,24
48,24
16,24
3,24
48,24
16,24
3,24
48,24
16,24
3,24
48,24
27,24
27,24
3,11
3,11
3,11
3,11
3,11
3,11
37,11
37,11
37,11
37,11
37,11
46,11
46,11
46,11
46,11
46,11
46,11
46,11
46,11
46,11
46,11
46,11
46,11
16,14
3,14
52,14
16,14
3,14
52,14
16,14
3,14
52,14
16,14
3,14
52,14
62,14
62,14
62,14
62,14
62,14
37,11
37,11
37,11
37,11
45,24
45,24
37,11
27,24
27,24
27,24
27,24
27,24
3,14
3,14
3,14
27,11
27,11
27,11
27,11
16,11
3,11
16,11
3,11
16,11
3,11
16,11
3,11
16,11
3,11
17,14
17,14
3,24
3,24
3,24
3,24
39,14
17,14
17,14
17,14
62,11
62,11
62,11
62,11
27,14
45,14
27,14
45,14
27,14
45,14
27,14
45,14
27,14
45,14
27,14
45,14
27,11
27,11
27,11
27,11
37,33
49,33
49,33
49,14
49,14
26,11
76,11
37,11
26,11
76,11
37,11
26,11
76,11
37,11
26,11
76,11
37,11
26,11
76,11
37,11
37,11
37,11
37,11
37,11
37,11
37,11
6,11
32,11
27,11
27,14
37,11
26,24
76,24
26,24
76,24
26,24
76,24
26,24
76,24
26,24
76,24
26,24
76,24
26,24
76,24
26,24
76,24
26,24
76,24
26,24
76,24
26,24
76,24
26,24
76,24
26,24
76,24
26,24
76,24
26,24
76,24
37,14
37,14
62,11
62,11
62,11
37,24
3,11
3,11
3,11
3,11
3,11
3,11
3,11
3,11
3,11
3,11
3,14
3,14
3,14
3,14
3,14
3,14
3,14
3,14
3,14
3,14
3,14
3,14
3,14
3,14
3,14
3,14
37,11
37,11
47,14
47,14
27,11
27,11
27,11
67,14
67,14
67,14
67,14
39,11
39,11
3,14
3,14
3,14
26,14
76,14
45,14
26,14
76,14
45,14
26,14
76,14
45,14
26,14
76,14
45,14
26,14
76,14
45,14
26,14
76,14
45,14
37,24
37,24
37,24
37,24
37,24
37,11
37,11
27,14
27,14
27,14
27,14
33,11
33,11
37,14
37,14
49,14
49,14
49,14
49,14
49,14
49,14
37,11
67,14
62,24
62,24
62,24
62,24
37,14
37,14
37,24
37,24
37,24
37,11
37,11
37,14
37,14
37,14
37,11
37,11
37,11
37,11
37,11
37,11
37,11
27,11
27,11
27,11
27,11
46,24
46,24
37,14
37,14
37,14
37,14
62,11
62,11
62,11
62,11
26,11
76,11
26,11
76,11
8,11
8,11
17,11
27,14
27,14
27,14
27,14
27,14
27,14
27,14
27,14
27,14
27,14
27,14
27,14
27,14
27,14
27,14
27,14
27,14
27,14
39,33
39,33
3,24
3,24
3,24
39,14
39,14
46,14
46,14
46,14
46,14
46,14
46,14
26,14
76,14
36,14
26,14
76,14
36,14
26,14
76,14
36,14
26,14
76,14
36,14
37,24
37,24
37,24
37,24
37,11
37,11
37,11
37,11
37,11
37,11
37,11
37,11
37,11
37,11
37,11
37,11
16,14
3,14
37,11
37,11
37,11
37,11
37,11
37,11
46,11
46,11
46,11
46,11
46,11
46,11
37,14
37,14
39,33
39,33
39,33
39,33
34,11
3,24
3,24
27,14
27,14
27,14
27,14
27,14
27,14
27,14
27,14
27,14
27,14
27,14
27,14
27,14
27,14
27,14
27,14
27,14
27,14
62,24
62,24
62,24
37,14
37,14
37,14
37,14
3,14
3,14
3,14
3,14
73,11
73,11
73,11
3,11
3,11
3,11
3,11
37,11
37,11
37,11
63,11
63,11
63,11
63,11
63,11
62,24
62,24
62,24
62,24
62,24
62,24
3,14
3,14
3,14
41,33
41,33
41,33
41,33
67,11
67,11
67,11
37,11
37,11
49,33
49,33
49,33
3,14
45,14
3,14
45,14
3,14
45,14
3,14
45,14
3,11
3,11
37,24
37,24
26,11
76,11
26,11
76,11
26,14
76,14
49,14
26,14
76,14
49,14
26,14
76,14
49,14
26,14
76,14
49,14
26,14
76,14
49,14
45,11
45,11
45,11
45,11
45,11
45,11
62,11
62,11
62,11
62,11
26,33
76,33
27,33
26,33
76,33
27,33
26,33
76,33
27,33
26,33
76,33
27,33
26,33
76,33
27,33
3,14
3,14
3,14
3,14
49,24
49,24
49,24
3,24
3,24
3,24
3,24
3,24
3,24
37,14
37,14
37,14
39,24
37,14
37,14
37,14
27,24
27,24
3,14
3,14
3,14
3,14
3,14
3,14
3,14
3,14
27,14
27,14
27,14
75,11
75,11
26,14
76,14
13,14
19,14
26,14
76,14
13,14
19,14
26,14
76,14
13,14
19,14
26,14
76,14
13,14
19,14
26,14
76,14
13,14
19,14
26,14
76,14
13,14
19,14
26,14
76,14
13,14
19,14
26,14
76,14
13,14
19,14
26,14
76,14
13,14
19,14
26,14
76,14
13,14
19,14
37,24
46,24
46,24
46,24
46,24
46,24
46,24
46,24
46,24
27,11
45,14
45,14
3,11
37,14
37,14
37,14
37,14
37,14
37,14
37,14
37,14
37,11
37,11
37,11
37,11
37,11
37,11
37,11
37,11
37,11
27,14
27,14
27,14
27,14
27,14
27,14
27,24
27,24
27,14
27,14
17,14
22,14
17,14
22,14
17,14
22,14
17,14
22,14
17,14
22,14
37,11
37,11
37,11
37,11
3,11
3,11
62,11
3,11
3,11
62,11
26,14
76,14
26,14
76,14
26,14
76,14
3,11
3,11
3,11
3,11
3,11
3,11
3,11
3,11
37,24
62,11
62,11
62,11
62,11
62,11
62,11
49,24
26,14
76,14
3,14
26,14
76,14
3,14
26,14
76,14
3,14
26,14
76,14
3,14
26,14
76,14
3,14
26,14
76,14
3,14
17,11
22,11
17,11
22,11
17,11
22,11
17,11
22,11
17,11
22,11
37,11
37,11
32,11
32,11
32,11
37,11
37,11
37,11
3,11
3,11
3,11
3,11
3,11
3,11
3,11
3,11
3,11
3,11
3,11
3,11
3,11
3,11
3,11
3,11
3,11
3,11
26,14
76,14
27,14
26,14
76,14
27,14
26,14
76,14
27,14
26,14
76,14
27,14
26,14
76,14
27,14
26,14
76,14
27,14
26,14
76,14
27,14
26,14
76,14
27,14
62,11
62,11
3,14
3,14
3,14
3,24
3,24
3,24
3,24
3,24
3,24
3,24
3,24
3,24
3,24
3,24
3,24
27,14
8,24
8,24
8,24
3,14
3,14
3,14
3,14
39,14
37,14
37,14
59,33
59,33
24,11
24,11
24,11
17,14
22,14
29,14
29,14
29,14
29,14
3,14
27,14
3,14
27,14
3,14
27,14
3,14
27,14
3,14
27,14
3,14
27,14
3,14
27,14
3,14
27,14
3,14
27,14
3,14
27,14
3,14
27,14
3,14
27,14
3,14
27,14
3,14
27,14
3,14
27,14
3,14
27,14
3,14
27,14
3,14
27,14
17,14
22,14
17,14
22,14
17,14
22,14
37,11
37,11
17,24
22,24
17,24
22,24
17,24
22,24
29,14
29,14
29,14
29,14
37,11
37,11
37,11
37,11
3,11
3,11
3,11
3,11
3,11
17,11
17,11
17,11
14,14
39,11
67,11
39,11
67,11
39,11
67,11
45,24
45,24
45,24
17,11
17,11
17,11
26,14
76,14
26,14
76,14
26,14
76,14
26,14
76,14
26,14
76,14
26,14
76,14
26,11
76,11
26,11
76,11
26,11
76,11
26,11
76,11
26,11
76,11
26,11
76,11
26,11
76,11
26,11
76,11
26,11
76,11
26,11
76,11
26,11
76,11
26,11
76,11
26,11
76,11
26,11
76,11
26,11
76,11
27,14
49,14
27,14
49,14
27,14
49,14
45,11
45,11
45,11
45,11
16,24
3,24
16,24
3,24
37,14
37,14
37,14
37,14
27,14
49,14
27,14
49,14
27,14
49,14
46,11
46,11
46,11
46,11
46,11
46,11
46,11
46,11
46,11
46,11
46,11
46,11
17,11
17,11
17,11
37,14
37,14
49,14
49,14
49,14
49,14
49,14
49,14
49,14
49,14
62,11
62,11
62,11
62,11
3,11
3,11
3,11
3,11
37,14
37,14
37,14
37,14
37,14
37,14
37,14
37,14
49,14
49,14
49,14
49,14
3,24
46,11
46,11
46,11
46,11
46,11
46,11
37,33
37,33
37,33
37,33
37,33
28,14
28,14
28,14
28,14
28,14
28,14
37,14
37,14
37,24
3,14
27,14
27,14
27,14
27,14
27,14
67,11
67,11
67,11
67,11
26,33
76,33
27,33
26,33
76,33
27,33
26,33
76,33
27,33
26,33
76,33
27,33
26,33
76,33
27,33
26,33
76,33
27,33
26,33
76,33
27,33
26,33
76,33
27,33
26,33
76,33
27,33
26,33
76,33
27,33
34,24
63,24
63,24
3,14
49,14
3,14
49,14
3,14
49,14
3,14
49,14
3,14
49,14
3,14
49,14
3,11
3,11
3,11
3,11
3,11
3,11
3,11
3,11
62,11
62,11
62,11
62,11
26,11
76,11
33,11
26,11
76,11
33,11
26,11
76,11
33,11
16,11
3,11
52,11
16,11
3,11
52,11
16,11
3,11
52,11
16,11
3,11
52,11
37,11
3,11
3,11
3,11
3,11
3,11
3,11
3,11
3,11
3,11
3,11
37,14
37,14
39,14
39,14
39,14
37,14
37,14
26,14
76,14
3,14
26,14
76,14
3,14
26,14
76,14
3,14
26,14
76,14
3,14
26,14
76,14
3,14
26,14
76,14
3,14
26,14
76,14
3,14
26,14
76,14
3,14
27,14
27,14
37,11
37,11
37,11
37,11
51,11
3,11
3,11
3,11
3,11
3,11
17,14
22,14
17,14
22,14
17,14
22,14
17,14
22,14
37,11
37,11
37,11
37,11
37,11
37,11
49,14
49,14
67,11
67,11
26,14
76,14
3,14
26,14
76,14
3,14
26,14
76,14
3,14
26,14
76,14
3,14
26,14
76,14
3,14
26,14
76,14
3,14
37,24
37,24
26,14
76,14
26,14
76,14
26,14
76,14
34,14
34,14
3,14
37,11
37,11
37,11
37,11
4,11
16,11
3,11
4,11
16,11
3,11
4,11
16,11
3,11
4,11
16,11
3,11
46,24
46,24
46,24
46,24
46,24
46,24
46,24
46,24
26,11
76,11
26,11
76,11
26,11
76,11
34,11
26,11
76,11
26,11
76,11
26,11
76,11
26,11
76,11
26,11
76,11
26,11
76,11
26,11
76,11
26,11
76,11
26,11
76,11
26,11
76,11
26,11
76,11
26,11
76,11
26,11
76,11
26,11
76,11
26,11
76,11
26,11
76,11
26,11
76,11
26,11
76,11
26,11
76,11
26,11
76,11
3,14
3,14
3,14
3,14
3,14
3,14
3,14
3,14
46,11
46,11
46,11
46,11
46,11
46,11
46,11
46,11
51,11
51,11
37,14
37,14
37,14
37,14
16,14
3,14
16,14
3,14
27,11
27,11
27,11
27,11
25,11
25,11
73,24
73,24
73,24
73,24
73,24
73,24
37,24
27,14
27,14
27,14
27,14
27,14
26,11
76,11
26,11
76,11
26,11
76,11
26,11
76,11
26,11
76,11
27,14
27,14
27,14
27,14
27,14
27,14
27,14
27,14
27,14
27,14
27,14
27,14
27,14
27,14
27,14
27,14
27,14
27,14
27,14
27,14
69,11
69,11
69,11
46,11
46,11
46,11
46,11
46,11
46,11
46,11
46,11
46,11
46,11
46,11
46,11
3,11
3,11
3,11
3,11
3,11
3,11
3,11
3,11
3,11
3,11
3,11
3,11
3,11
3,11
3,11
3,11
27,14
27,14
27,14
27,14
27,14
27,14
27,14
17,14
17,14
17,14
73,11
73,11
73,11
73,11
73,11
73,11
37,14
37,14
3,11
3,11
3,11
3,11
37,11
37,11
27,14
27,14
49,14
3,11
3,11
3,11
3,11
3,11
3,11
3,11
3,11
17,14
22,14
17,14
22,14
17,14
22,14
17,14
22,14
37,11
37,11
37,11
37,11
29,11
29,11
29,11
54,11
54,11
54,11
54,11
37,24
49,14
49,14
49,14
27,33
27,33
27,33
17,14
22,14
17,14
22,14
13,14
19,14
16,14
3,14
29,11
29,11
29,11
29,11
29,11
29,11
37,14
37,14
37,14
29,11
29,11
29,11
29,11
49,14
3,14
3,14
3,14
3,14
3,14
3,14
3,14
3,14
3,14
3,14
37,11
37,11
27,14
27,14
27,14
27,14
17,24
37,11
37,11
37,11
8,24
3,14
3,14
39,33
46,11
46,11
46,11
46,11
17,14
17,14
17,14
26,14
76,14
26,14
76,14
26,14
76,14
26,14
76,14
26,14
76,14
26,14
76,14
26,14
76,14
26,14
76,14
27,14
27,14
27,14
27,14
27,14
26,33
76,33
27,33
26,33
76,33
27,33
26,33
76,33
27,33
49,11
49,11
49,11
49,11
49,11
49,11
49,11
49,11
49,11
49,11
3,11
3,11
3,11
35,11
35,11
3,24
3,11
3,11
3,11
37,14
37,14
62,14
62,14
62,14
3,14
34,11
34,11
34,11
37,11
37,11
27,14
27,14
27,14
27,14
27,14
27,14
27,14
27,14
27,14
27,14
27,14
27,14
27,14
27,24
27,24
27,24
27,24
27,24
27,24
39,14
37,14
37,14
26,14
76,14
26,14
76,14
26,14
76,14
26,14
76,14
26,14
76,14
26,14
76,14
26,11
76,11
26,11
76,11
26,11
76,11
26,11
76,11
63,11
63,11
63,11
39,14
62,11
62,11
46,14
46,14
46,14
46,14
3,11
3,11
67,14
67,14
67,14
39,14
39,14
8,14
8,14
8,14
37,11
34,14
34,14
3,14
3,14
3,14
46,11
46,11
46,11
46,11
37,14
37,14
37,14
37,14
37,24
27,14
27,14
27,14
27,11
37,11
37,11
45,11
37,11
45,11
37,11
45,11
37,11
45,11
37,11
45,11
37,11
45,11
17,24
37,24
37,24
62,24
62,24
34,11
34,11
27,11
27,11
39,11
39,11
39,11
3,11
62,11
67,14
37,11
37,11
17,24
35,14
37,11
37,11
37,11
37,11
37,11
37,11
37,11
37,11
37,11
37,11
37,11
37,11
37,11
37,11
37,11
37,11
37,11
37,11
37,11
37,11
37,11
37,11
37,11
37,11
37,11
37,11
37,11
37,11
37,11
37,11
37,11
37,11
37,11
37,11
37,11
37,11
3,14
3,14
3,14
3,14
3,14
3,14
75,11
75,11
75,11
27,11
27,11
27,11
27,11
27,11
37,11
37,11
37,11
37,11
37,11
37,11
37,11
37,11
62,11
62,11
37,14
37,14
37,14
37,14
37,14
37,14
37,14
37,14
37,14
37,14
27,14
37,14
27,14
37,14
27,14
37,14
27,14
37,14
62,11
62,11
62,11
62,11
62,11
45,24
33,11
33,11
33,11
33,11
67,14
39,24
39,24
39,24
3,11
3,11
3,11
3,11
27,14
16,24
16,24
16,24
16,24
13,24
19,24
13,24
19,24
13,24
19,24
13,24
19,24
27,14
27,14
27,14
27,14
17,11
28,24
28,24
28,24
27,11
27,11
27,11
27,11
27,11
27,11
27,11
27,11
3,11
3,11
3,11
3,11
3,11
27,11
27,11
27,11
27,11
27,11
27,11
27,11
27,11
37,14
37,24
37,24
24,24
11,14
37,11
37,11
3,11
3,11
3,11
3,11
37,11
37,11
37,11
37,11
37,11
37,11
37,24
37,24
37,24
37,24
37,24
37,24
3,11
3,11
3,11
3,11
3,11
39,11
39,11
37,14
73,24
73,24
73,24
73,24
17,14
34,11
34,11
34,11
34,11
34,11
34,11
34,11
27,11
62,11
3,11
3,11
3,11
3,11
3,11
34,11
45,24
39,14
39,14
39,14
39,14
3,24
17,24
3,14
3,14
17,11
17,11
3,11
3,11
3,11
3,11
3,11
3,11
3,14
3,14
3,14
37,24
37,24
37,24
37,24
37,24
37,24
27,14
27,11
3,24
37,24
37,24
3,24
37,24
37,24
3,24
37,24
37,24
3,24
37,24
37,24
37,11
37,11
37,11
37,11
3,24
62,24
3,24
62,24
3,24
62,24
3,24
62,24
3,24
62,24
39,11
37,11
37,11
37,11
37,11
37,11
37,11
3,11
3,11
3,11
37,14
37,14
37,14
37,14
37,14
37,14
37,14
37,14
39,11
37,11
37,11
37,11
37,11
37,11
37,11
37,11
37,11
37,11
37,11
37,11
37,24
37,24
37,24
37,24
37,24
17,11
22,11
62,11
17,11
22,11
62,11
17,11
22,11
62,11
45,14
45,14
45,14
45,14
45,14
17,24
27,14
27,14
27,14
27,14
27,14
27,14
27,14
27,14
27,14
27,14
3,24
62,24
3,24
62,24
3,24
62,24
3,11
62,11
3,24
13,11
19,11
13,11
19,11
67,14
67,14
46,24
46,24
46,14
46,14
46,14
46,14
37,24
27,33
27,33
27,33
27,33
27,33
27,33
17,11
17,11
37,14
37,14
37,14
37,14
37,14
37,14
37,14
27,11
37,14
37,14
17,14
17,14
17,14
3,11
3,11
3,11
3,11
37,11
37,11
62,11
37,11
37,11
62,11
37,11
37,11
62,11
37,11
37,11
62,11
37,11
37,11
62,11
46,11
46,11
46,11
46,11
46,11
46,11
16,11
16,11
16,11
16,11
16,11
62,14
62,11
62,11
62,11
62,11
62,11
37,24
37,24
37,24
37,24
37,24
37,24
37,24
37,24
37,24
37,24
45,14
45,14
45,14
45,14
45,14
3,24
17,14
17,14
37,24
37,24
37,11
37,11
37,11
37,11
37,11
37,11
46,11
46,11
46,11
46,11
17,14
22,14
17,14
22,14
17,14
22,14
17,14
22,14
17,14
22,14
17,14
22,14
3,11
13,11
19,11
3,11
13,11
19,11
3,11
13,11
19,11
3,11
13,11
19,11
3,11
13,11
19,11
3,11
13,11
19,11
3,11
13,11
19,11
37,11
37,11
62,11
62,11
62,11
62,11
62,11
3,11
3,11
3,11
3,11
39,14
62,14
3,24
3,24
3,24
3,24
3,24
3,24
3,24
3,24
3,24
3,24
3,24
3,24
3,24
3,24
3,11
3,11
3,11
3,11
3,11
3,11
3,11
3,11
3,11
3,11
37,11
37,11
37,11
3,24
3,24
3,24
3,24
3,24
3,24
3,24
3,24
3,24
3,24
37,24
37,24
37,24
37,24
37,24
29,11
37,14
37,14
27,14
8,24
41,24
8,24
41,24
39,11
16,14
16,14
16,14
75,11
39,11
39,11
62,24
62,24
62,24
62,24
62,24
62,24
17,11
17,11
17,11
17,24
17,24
27,24
39,14
37,11
3,24
3,24
3,24
3,24
3,24
3,24
3,24
3,24
3,24
3,24
3,24
3,24
37,11
37,11
37,11
37,11
37,11
37,11
37,11
37,11
37,11
37,11
37,11
37,11
37,11
37,11
37,11
37,11
37,11
37,11
37,11
37,11
37,24
27,11
27,11
27,11
17,14
22,14
17,14
22,14
75,11
75,11
37,11
37,11
37,11
37,11
27,14
3,11
62,11
3,11
62,11
3,11
62,11
3,11
62,11
3,11
62,11
3,11
62,11
1,14
3,11
75,11
3,11
75,11
3,11
75,11
3,11
75,11
17,24
3,11
39,11
3,11
39,11
37,11
37,11
37,11
37,11
54,11
54,11
37,14
37,14
37,14
37,14
37,14
37,14
37,14
37,14
37,14
37,14
37,14
37,14
3,14
3,14
3,14
3,14
3,14
3,14
73,14
73,14
73,14
63,11
63,11
63,11
63,11
63,11
63,11
17,11
37,11
37,11
37,11
37,11
37,11
37,14
37,14
37,14
37,14
75,14
39,24
37,14
37,14
37,14
37,14
37,14
3,24
62,24
62,24
62,24
62,24
62,24
37,11
37,11
37,11
37,11
37,11
37,11
3,24
37,11
37,11
37,11
37,11
37,11
62,11
37,11
62,11
37,11
62,11
37,11
62,11
27,24
17,14
17,14
27,11
27,11
27,11
27,11
27,11
27,11
27,11
3,14
3,14
3,14
3,14
45,14
45,14
45,14
45,14
45,14
39,14
17,11
17,11
17,11
3,24
3,24
3,24
3,24
34,24
39,11
62,11
39,11
62,11
39,11
62,11
27,14
27,14
27,14
27,14
27,14
27,33
37,14
17,14
17,14
46,11
46,11
46,11
46,11
46,11
46,11
46,11
46,11
46,11
46,11
46,11
46,11
46,11
46,11
17,11
14,14
14,14
3,24
3,24
3,24
3,24
3,11
3,11
3,11
3,11
29,11
29,11
29,11
29,11
29,11
29,11
29,11
37,24
37,24
37,24
37,24
37,24
37,24
37,24
62,24
62,24
62,24
62,24
62,24
62,24
34,14
34,14
34,14
34,14
34,14
34,14
17,11
67,11
17,11
67,11
37,11
37,11
37,11
37,11
37,11
37,11
37,11
37,11
37,11
37,11
37,11
37,11
37,11
37,11
37,11
37,11
37,11
37,11
27,14
27,14
27,14
27,14
27,14
46,14
46,14
46,14
46,14
37,24
37,24
37,24
37,24
7,14
37,14
7,14
37,14
7,14
37,14
7,14
37,14
7,14
37,14
7,14
37,14
37,11
37,11
37,11
37,11
27,11
27,11
27,11
17,11
45,14
62,14
16,24
17,14
22,14
17,14
22,14
24,11
24,11
24,11
24,11
3,24
3,24
3,14
3,14
3,14
3,14
3,14
3,14
17,11
17,11
17,11
75,11
75,11
75,11
37,11
37,11
37,11
37,11
37,11
37,11
37,14
37,14
37,14
37,14
37,14
37,14
37,11
37,11
37,11
37,11
27,11
45,11
27,11
45,11
27,11
45,11
27,24
27,24
27,24
27,24
27,24
37,14
37,14
37,14
37,14
37,14
37,14
37,14
37,14
37,14
37,14
62,24
37,24
37,24
62,24
37,24
37,24
62,24
37,24
37,24
62,24
37,24
37,24
62,24
37,24
37,24
62,24
37,24
37,24
62,24
73,11
73,11
73,11
39,24
39,24
39,24
37,14
37,14
39,24
39,24
23,24
23,24
23,24
23,24
23,24
23,24
23,24
23,24
23,24
3,11
3,11
3,11
3,11
8,11
41,11
37,11
37,11
37,11
37,11
3,24
3,24
3,24
3,24
3,24
3,24
47,11
47,11
47,11
47,11
62,11
3,19
8,19
62,19
3,19
8,19
62,19
3,19
8,19
62,19
3,19
8,19
62,19
27,11
27,11
46,14
46,14
46,14
46,14
27,14
27,14
27,14
27,14
46,11
46,11
62,11
63,11
46,11
46,11
62,11
63,11
3,14
3,14
3,14
3,14
3,14
3,14
3,14
3,14
3,14
3,14
14,14
34,24
73,24
34,24
73,24
34,24
73,24
34,24
73,24
34,24
73,24
34,24
73,24
62,24
27,11
27,11
27,11
27,11
27,11
27,11
27,11
27,11
37,11
37,11
37,11
37,11
37,11
37,11
13,11
19,11
62,11
13,11
19,11
62,11
13,11
19,11
62,11
37,24
37,24
37,24
37,24
37,24
37,24
37,24
37,24
37,24
37,24
3,11
37,11
37,11
3,11
37,11
37,11
3,11
37,11
37,11
3,11
37,11
37,11
3,11
37,11
37,11
3,11
37,11
37,11
3,11
37,11
37,11
62,14
62,14
46,11
46,11
3,11
3,11
3,11
3,11
17,14
17,14
17,14
3,11
3,11
27,11
27,11
27,11
27,11
62,14
62,14
3,11
40,11
3,11
40,11
3,11
40,11
27,14
27,14
27,14
27,14
27,14
27,14
75,14
27,14
75,14
27,14
75,14
45,24
34,24
34,24
34,24
37,11
37,11
62,11
37,11
37,11
62,11
37,11
37,11
62,11
37,11
37,11
62,11
3,24
37,11
37,11
37,11
37,11
37,11
37,11
17,24
47,11
47,11
47,11
47,11
47,11
37,24
37,24
62,24
37,24
37,24
62,24
37,24
37,24
62,24
27,14
27,14
37,14
37,14
37,14
37,14
37,14
37,14
37,11
37,11
3,11
3,11
3,11
3,11
3,11
3,11
3,11
3,11
3,11
3,11
3,11
8,11
3,11
8,11
3,11
8,11
3,11
8,11
3,11
8,11
3,11
8,11
3,14
3,14
3,14
3,14
3,14
3,14
3,14
3,14
3,14
3,14
17,11
3,11
3,11
3,11
3,11
3,11
3,11
3,11
3,11
3,11
3,11
46,11
46,11
46,11
46,11
37,11
37,11
37,11
37,11
37,11
37,11
37,11
39,11
37,11
37,11
37,11
37,11
37,11
37,11
37,11
37,11
37,11
37,11
37,11
37,11
37,11
37,11
27,33
27,33
3,14
3,14
3,24
3,24
8,11
67,11
27,14
37,14
27,14
37,14
27,14
37,14
27,14
37,14
27,14
37,14
27,14
27,14
3,24
37,24
3,24
37,24
3,24
37,24
3,24
37,24
3,24
37,24
3,11
3,11
3,11
3,11
3,11
3,11
3,11
3,11
3,11
3,11
37,14
37,14
37,14
3,11
3,11
3,11
3,11
3,11
10,11
16,11
10,11
16,11
10,11
16,11
10,11
16,11
37,24
37,24
37,24
37,24
37,24
37,24
37,24
27,14
62,11
62,11
62,11
62,11
46,24
46,24
46,24
46,24
41,11
41,11
41,11
3,11
3,11
3,11
3,11
3,11
3,11
46,24
46,24
46,24
46,24
25,24
37,24
37,24
8,24
41,24
8,24
41,24
8,24
41,24
8,24
41,24
8,24
41,24
37,11
37,11
37,11
27,14
27,14
27,14
45,11
45,11
45,11
45,11
45,11
3,11
3,11
3,11
3,11
3,11
37,14
37,14
37,14
37,14
37,14
37,14
3,11
3,11
3,11
3,11
3,11
37,14
37,14
37,14
37,14
39,11
39,11
39,11
39,11
27,11
27,11
35,11
35,11
35,11
35,11
3,11
3,11
3,11
3,11
3,11
3,11
3,14
3,14
3,14
3,14
3,14
37,11
37,11
37,11
37,11
37,11
17,14
22,14
17,14
22,14
17,14
22,14
17,14
22,14
37,24
37,11
37,11
37,11
45,14
45,14
37,24
37,24
37,24
37,24
37,24
37,24
37,24
37,24
37,24
3,24
37,24
62,24
37,24
62,24
37,24
62,24
37,24
62,24
37,14
37,14
39,14
37,14
37,14
39,14
27,14
39,14
27,14
39,14
67,14
67,14
67,14
3,14
3,14
3,14
3,14
46,11
46,11
46,11
46,11
46,11
46,11
46,11
46,11
46,11
46,11
46,11
46,11
46,11
46,11
27,11
16,11
16,11
16,11
16,11
16,11
27,24
37,24
37,24
2,11
2,11
2,11
2,11
2,11
2,11
46,11
46,11
46,11
46,11
46,11
46,11
46,11
46,11
46,11
46,11
46,11
46,11
37,11
37,11
37,11
37,11
17,11
62,11
46,11
46,11
46,11
46,11
46,11
46,11
46,11
46,11
37,11
37,11
37,11
37,14
37,14
37,14
37,14
37,14
17,14
17,14
17,14
17,14
17,14
17,14
17,14
17,14
17,14
17,14
17,14
17,14
17,14
17,14
3,11
3,11
3,11
3,11
3,11
3,11
20,24
46,11
46,11
52,11
63,11
46,11
46,11
52,11
63,11
37,11
37,11
3,14
27,14
3,14
27,14
3,14
27,14
3,14
27,14
3,14
27,14
45,11
45,11
45,11
73,14
73,14
73,14
73,14
17,11
17,11
17,11
37,11
37,11
37,11
37,11
3,33
3,33
3,33
3,33
3,33
3,33
3,33
3,33
3,33
27,24
67,14
67,14
27,11
37,11
27,11
37,11
27,11
37,11
27,11
37,11
62,24
62,24
62,24
46,11
46,11
46,11
46,11
3,24
3,11
3,11
3,11
3,11
46,24
46,24
46,24
46,24
46,24
46,24
46,24
46,24
46,24
46,24
46,24
46,24
46,24
46,24
3,14
62,14
3,14
62,14
3,14
62,14
3,14
62,14
3,14
62,14
3,14
62,14
17,11
22,11
46,24
46,24
46,24
46,24
46,24
46,24
46,24
46,24
3,11
3,11
3,11
39,11
3,24
3,24
3,24
3,24
3,24
3,24
37,11
37,11
37,11
37,11
37,11
37,11
37,11
37,11
67,14
67,14
67,14
3,24
62,24
3,24
62,24
3,24
62,24
73,11
73,11
73,11
73,11
73,11
73,11
73,11
73,11
73,11
73,11
73,11
73,11
3,11
3,11
3,11
3,11
3,11
37,11
37,11
37,11
37,11
37,11
17,24
62,11
62,11
62,11
37,24
37,24
45,24
37,24
37,24
45,24
37,24
37,24
45,24
37,24
37,24
45,24
17,14
27,14
17,14
27,14
17,14
27,14
17,14
27,14
37,11
3,33
3,33
3,33
3,33
3,33
3,33
3,33
3,33
3,33
3,33
3,33
3,33
37,14
37,14
37,14
37,14
14,14
14,14
27,14
27,14
27,14
27,14
27,14
27,14
27,14
27,14
27,14
3,24
3,24
3,24
3,24
3,24
3,24
3,24
3,24
17,14
17,14
17,14
17,14
46,11
60,11
46,11
60,11
46,11
60,11
46,11
60,11
46,11
60,11
37,11
37,11
10,11
10,11
10,11
10,11
3,14
3,14
3,14
3,14
3,14
3,14
3,14
3,14
62,14
62,14
62,14
62,14
62,14
62,14
17,14
22,14
17,14
22,14
76,14
3,14
27,14
62,14
76,14
3,14
27,14
62,14
76,14
3,14
27,14
62,14
76,14
3,14
27,14
62,14
76,14
3,14
27,14
62,14
39,14
39,14
39,14
26,14
3,14
62,14
66,14
26,14
3,14
62,14
66,14
26,14
3,14
62,14
66,14
26,14
3,14
62,14
66,14
26,14
3,14
62,14
66,14
26,14
3,14
62,14
66,14
26,14
3,14
62,14
66,14
26,14
3,14
62,14
66,14
26,14
3,14
62,14
66,14
26,14
3,14
62,14
66,14
26,14
3,14
3,14
26,14
3,14
3,14
26,14
3,14
3,14
26,14
3,14
3,14
26,14
3,14
3,14
26,14
3,14
3,14
26,14
3,14
3,14
3,14
62,14
3,14
62,14
3,14
62,14
3,14
62,14
3,14
62,14
3,14
62,14
3,14
62,14
3,14
62,14
3,14
62,14
3,14
62,14
3,14
62,14
3,14
62,14
37,14
37,14
37,14
37,14
37,14
37,14
37,14
37,11
37,11
37,11
37,11
37,14
37,14
37,14
37,14
3,11
3,11
3,11
3,11
3,11
3,11
3,11
3,11
3,14
3,14
3,14
3,14
3,14
3,14
75,11
75,11
1,14
1,14
1,14
3,14
3,14
3,14
3,14
3,14
3,14
3,14
3,14
3,14
3,14
3,14
3,14
3,14
3,14
3,14
3,14
3,14
3,14
37,14
37,14
37,14
37,14
37,14
37,14
37,14
37,14
37,14
37,14
37,14
37,14
76,14
37,14
76,14
37,14
67,14
67,14
67,14
67,14
67,14
67,14
67,14
67,14
34,14
34,14
3,24
3,24
3,24
3,24
3,24
3,24
3,24
3,24
37,14
37,14
37,14
37,14
37,14
37,14
3,11
62,11
3,11
62,11
3,11
62,11
3,11
62,11
3,11
62,11
3,11
62,11
3,11
62,11
3,11
62,11
18,14
27,14
18,14
27,14
18,14
27,14
18,14
27,14
18,14
27,14
18,14
27,14
18,14
27,14
18,14
27,14
18,14
27,14
18,14
27,14
18,14
27,14
18,14
27,14
18,14
27,14
18,14
27,14
67,14
67,14
39,14
27,14
27,14
27,14
3,11
8,11
3,11
8,11
3,11
8,11
3,11
8,11
76,24
37,24
76,24
37,24
67,11
67,11
67,11
3,33
3,33
3,33
3,14
3,14
3,14
3,14
3,14
3,14
3,14
3,14
3,14
67,11
67,11
67,11
76,14
39,14
76,14
75,14
76,14
75,14
3,24
3,24
3,24
3,24
3,24
3,24
3,24
3,24
3,24
3,24
3,24
3,24
3,24
3,24
3,24
62,14
62,14
62,14
62,14
62,14
62,14
37,11
37,11
37,11
37,11
37,11
37,11
37,11
37,11
37,11
37,11
37,11
37,11
37,11
37,11
26,33
3,33
3,33
26,33
3,33
3,33
26,33
3,33
3,33
26,33
3,33
3,33
26,33
3,33
3,33
76,14
3,14
27,14
37,14
76,14
3,14
27,14
37,14
76,14
3,14
27,14
37,14
76,14
3,14
27,14
37,14
76,11
76,11
76,11
3,24
46,24
60,24
46,24
60,24
46,24
60,24
46,24
60,24
46,24
60,24
46,24
60,24
46,24
60,24
46,24
60,24
46,24
60,24
46,24
60,24
46,24
60,24
46,24
60,24
46,24
60,24
46,24
60,24
3,24
3,24
3,24
3,24
3,24
3,24
3,24
3,24
3,24
3,24
3,24
3,24
3,24
3,24
3,24
3,24
3,24
3,24
3,24
27,14
67,14
27,14
67,14
27,14
67,14
26,24
3,24
26,24
3,24
27,14
27,14
27,14
27,14
27,14
27,14
27,14
27,14
27,14
27,14
27,14
76,11
46,11
60,11
76,11
46,11
60,11
76,11
46,11
60,11
76,11
46,11
60,11
27,14
27,14
27,14
27,14
27,14
27,14
27,14
27,14
3,14
13,14
19,14
62,14
3,14
13,14
19,14
62,14
3,14
13,14
19,14
62,14
3,14
13,14
19,14
62,14
3,14
13,14
19,14
62,14
3,14
13,14
19,14
62,14
3,14
13,14
19,14
62,14
3,14
13,14
19,14
62,14
18,14
3,14
27,14
27,14
18,14
3,14
27,14
27,14
18,14
3,14
27,14
27,14
18,14
3,14
27,14
27,14
18,14
3,14
27,14
27,14
18,14
3,14
27,14
27,14
18,14
3,14
27,14
27,14
18,14
3,14
27,14
27,14
26,14
3,14
26,14
3,14
26,14
3,14
26,14
3,14
26,14
3,14
27,14
27,14
18,14
3,14
3,14
3,14
3,14
3,14
3,14
26,14
3,14
26,14
3,14
26,14
3,14
26,14
3,14
26,14
3,14
26,14
3,14
26,14
3,14
26,14
3,14
26,14
3,14
26,14
3,14
17,11
22,11
17,11
22,11
17,11
22,11
17,11
22,11
76,14
62,14
76,14
62,14
76,14
62,14
76,14
62,14
62,14
62,14
62,14
62,14
62,14
62,14
62,14
62,14
62,14
62,14
62,14
62,14
26,14
18,14
26,14
18,14
26,14
18,14
26,14
18,14
26,14
18,14
26,14
18,14
39,14
64,14
37,14
37,14
37,14
26,14
37,14
37,14
45,14
3,24
8,24
3,24
8,24
3,24
8,24
3,24
8,24
27,33
27,33
27,33
3,14
3,14
3,14
3,14
3,14
3,14
3,14
3,14
3,14
3,14
3,14
3,14
3,14
3,14
3,14
3,14
3,14
3,14
3,14
3,14
3,14
3,14
3,14
3,14
67,11
67,11
67,11
67,11
76,11
35,11
67,11
76,11
35,11
67,11
76,11
35,11
67,11
76,11
35,11
67,11
76,11
35,11
67,11
28,11
28,11
28,11
28,11
28,11
28,11
28,11
28,11
76,11
34,11
76,11
34,11
76,11
34,11
76,11
34,11
37,11
37,11
37,11
37,11
37,11
37,11
26,14
3,14
3,14
26,14
3,14
3,14
26,14
3,14
3,14
26,14
3,14
3,14
26,14
3,14
3,14
3,24
3,24
3,24
3,24
3,24
3,24
3,24
3,24
3,24
3,24
3,24
3,24
3,24
3,24
62,14
62,14
62,14
62,14
62,14
62,14
62,14
62,14
62,14
62,14
62,14
62,14
62,14
62,14
75,14
75,14
75,14
39,11
41,11
39,11
41,11
39,11
41,11
39,11
41,11
17,14
17,14
17,14
17,14
3,14
3,14
3,14
3,14
3,14
3,14
3,14
3,14
3,14
3,14
3,14
3,14
3,14
3,14
3,14
3,14
3,11
62,11
3,11
62,11
3,11
62,11
3,11
62,11
3,11
62,11
3,11
62,11
3,11
62,11
3,11
62,11
3,11
62,11
3,11
62,11
3,11
62,11
3,11
62,11
3,11
62,11
3,11
62,11
17,11
17,11
76,24
26,24
27,24
76,24
26,24
27,24
76,24
26,24
27,24
76,24
26,24
27,24
76,24
26,24
27,24
76,24
26,24
27,24
76,24
26,24
27,24
76,24
26,24
27,24
27,14
27,14
27,14
27,14
27,14
27,14
27,14
27,14
27,14
27,14
27,14
27,14
27,14
27,14
27,14
27,14
27,14
27,14
27,14
27,14
37,11
37,11
37,11
37,11
37,11
37,11
3,14
3,14
3,14
3,14
3,14
3,14
3,14
3,14
3,14
3,14
3,14
37,11
37,11
37,11
37,11
37,11
37,11
37,11
37,11
37,11
37,11
37,11
37,11
26,11
3,11
26,11
3,11
26,11
3,11
26,11
3,11
26,11
3,11
26,11
3,11
26,11
3,11
26,11
3,11
3,24
3,24
3,24
3,24
3,24
3,24
3,24
3,24
62,14
62,14
62,14
62,14
62,14
62,14
76,11
39,11
3,24
75,14
75,14
75,14
27,11
27,11
27,11
3,14
3,14
3,14
3,14
3,14
3,14
3,14
3,14
3,14
3,14
24,11
24,11
24,11
24,11
37,14
37,14
37,14
62,14
37,14
62,14
37,14
62,14
76,14
37,14
76,14
37,14
76,14
37,14
76,14
37,14
76,14
37,14
26,14
37,14
26,14
37,14
26,14
37,14
26,14
37,14
26,14
37,14
26,14
37,14
26,14
37,14
26,14
37,14
26,14
37,14
3,11
62,11
3,11
62,11
3,11
62,11
3,11
62,11
3,11
62,11
3,11
62,11
3,11
62,11
29,24
29,24
29,24
29,24
8,11
42,11
8,11
42,11
8,11
42,11
8,11
42,11
75,11
75,11
27,24
27,24
27,24
27,24
27,24
27,24
27,24
27,24
27,24
17,11
22,11
17,11
22,11
17,11
22,11
37,11
37,11
37,11
37,11
37,11
37,11
37,11
37,11
37,11
37,11
37,11
37,11
37,11
37,11
37,11
37,11
37,11
3,24
3,24
3,24
17,11
17,11
17,11
3,14
3,14
3,14
3,14
3,14
3,14
46,11
60,11
46,11
46,11
60,11
46,11
46,11
60,11
46,11
46,11
60,11
46,11
46,11
60,11
46,11
46,11
60,11
46,11
37,14
45,14
37,11
37,11
37,11
37,11
37,11
37,11
37,11
3,11
3,11
3,11
3,11
3,11
3,11
3,11
3,11
37,24
37,24
37,24
37,24
37,24
37,24
37,24
37,24
37,24
8,11
8,11
8,11
8,11
8,11
8,11
17,11
22,11
17,11
22,11
3,14
76,24
8,24
76,24
8,24
76,24
8,24
76,24
8,24
76,24
8,24
76,24
8,24
3,14
3,14
3,14
3,14
3,14
37,11
37,11
37,11
37,11
37,11
37,11
37,11
37,11
37,11
17,11
22,11
17,11
22,11
17,11
22,11
27,14
27,14
27,14
27,14
27,14
27,14
27,14
27,14
27,14
27,14
27,14
27,14
27,14
27,14
3,24
3,24
3,24
3,24
3,24
3,24
3,24
3,24
3,24
3,24
67,11
67,11
67,11
37,14
27,11
27,11
27,11
27,11
27,11
27,11
27,11
27,11
27,11
27,11
39,11
75,11
39,11
75,11
37,14
37,14
37,14
37,14
37,14
37,14
27,14
27,14
27,14
27,14
27,14
27,14
27,14
27,14
27,14
27,14
27,14
27,14
27,14
27,14
27,14
27,14
17,11
3,24
66,24
3,24
66,24
3,24
66,24
3,24
66,24
3,24
66,24
3,24
66,24
17,14
22,14
17,14
22,14
17,14
22,14
75,24
75,24
75,24
75,14
75,14
75,14
75,14
76,11
3,14
3,14
3,14
3,14
3,14
3,14
3,14
3,14
3,14
3,11
62,11
3,11
62,11
3,11
62,11
3,11
62,11
67,11
67,11
46,14
60,14
46,14
60,14
3,14
3,14
3,14
3,14
3,14
3,14
3,11
3,11
3,11
3,11
41,14
41,14
41,14
41,14
41,14
27,14
62,14
27,14
62,14
27,14
62,14
27,14
62,14
26,33
27,33
26,33
27,33
27,14
27,14
27,14
27,14
27,14
27,14
27,14
27,14
27,14
37,11
37,11
37,11
37,11
37,11
37,11
17,14
17,14
17,14
76,24
17,24
76,24
17,24
37,11
37,11
37,11
37,14
62,14
37,14
62,14
37,14
62,14
37,14
62,14
37,14
62,14
37,14
62,14
3,33
62,33
3,33
62,33
1,14
1,14
1,14
1,14
63,11
66,11
63,11
66,11
63,11
66,11
63,11
66,11
63,11
66,11
76,14
17,14
22,14
76,14
17,14
22,14
75,14
75,14
16,11
16,11
16,11
16,11
16,11
16,11
16,11
16,11
37,11
37,11
37,11
37,11
3,24
3,24
3,24
3,24
3,24
3,24
3,24
17,11
22,11
62,11
17,11
22,11
62,11
17,11
22,11
62,11
17,11
22,11
62,11
26,33
37,33
26,33
37,33
26,33
37,33
26,33
37,33
26,33
37,33
26,33
37,33
26,33
37,33
26,33
37,33
26,33
37,33
26,33
37,33
26,33
37,33
26,33
37,33
26,33
37,33
26,33
37,33
26,33
37,33
26,33
37,33
46,11
46,11
46,11
46,11
3,24
3,24
3,24
3,24
10,24
42,24
46,24
60,24
66,24
10,24
42,24
46,24
60,24
66,24
10,24
42,24
46,24
60,24
66,24
10,24
42,24
46,24
60,24
66,24
3,24
3,24
3,24
3,24
3,24
3,24
3,24
3,24
13,11
19,11
67,11
37,11
37,11
37,11
37,11
37,11
37,11
37,11
37,11
27,14
27,14
45,11
45,11
45,11
45,11
45,11
37,24
3,11
3,11
3,11
3,11
3,11
3,11
3,11
3,11
3,11
3,11
3,11
3,11
3,11
3,11
3,11
26,11
3,11
26,11
3,11
26,11
3,11
26,11
3,11
26,11
3,11
26,11
3,11
37,11
37,11
37,11
37,11
37,11
37,11
37,11
37,11
37,11
37,11
62,24
62,24
62,24
62,24
62,24
62,24
62,24
62,24
37,11
37,11
37,11
37,11
37,11
37,11
17,14
17,14
17,14
17,14
75,14
75,14
75,14
75,14
75,14
3,14
3,14
3,14
3,14
3,14
3,14
3,14
3,14
3,14
3,14
3,14
3,14
3,11
62,11
3,11
62,11
3,11
62,11
26,14
27,14
26,14
27,14
26,14
27,14
26,14
27,14
26,14
27,14
26,14
27,14
26,14
27,14
3,11
62,11
3,11
62,11
3,11
62,11
3,11
62,11
3,11
62,11
3,11
62,11
3,11
62,11
3,11
62,11
3,11
62,11
3,11
62,11
3,11
62,11
3,11
62,11
3,11
62,11
3,11
62,11
3,11
62,11
3,11
62,11
3,11
62,11
3,11
62,11
3,11
62,11
3,11
62,11
3,11
62,11
3,11
62,11
76,14
75,14
76,14
75,14
17,24
17,24
17,24
17,24
76,14
37,14
76,14
37,14
27,14
27,14
27,14
27,14
27,14
27,14
27,14
27,14
27,14
27,14
27,14
27,14
27,14
27,14
27,14
27,14
27,14
27,14
27,14
27,14
67,14
67,14
3,14
3,14
3,14
3,14
3,14
3,14
3,14
3,14
3,14
3,14
3,14
3,14
3,14
3,14
3,14
3,14
3,14
3,14
3,14
3,14
3,14
3,14
3,14
3,14
3,14
3,14
3,14
3,14
3,14
3,14
3,14
3,14
75,14
75,14
75,14
75,14
76,24
37,24
76,24
37,24
76,24
37,24
76,24
37,24
39,14
64,14
39,14
64,14
18,11
3,11
18,11
3,11
18,11
3,11
18,11
3,11
18,11
3,11
18,11
3,11
18,11
3,11
18,11
3,11
18,11
3,11
18,11
3,11
18,11
3,11
76,14
76,14
3,11
3,11
3,11
3,11
3,11
3,11
3,11
3,11
3,11
3,11
3,11
3,11
3,11
3,11
3,24
62,24
3,24
62,24
3,24
62,24
3,24
62,24
3,24
62,24
3,24
62,24
3,24
62,24
3,24
62,24
75,14
75,14
75,14
35,11
35,11
35,11
3,14
3,14
3,14
3,14
3,14
63,14
63,14
63,14
63,14
63,14
63,14
63,14
3,11
3,11
3,11
3,11
3,11
3,11
17,11
22,11
62,11
17,11
22,11
62,11
17,11
22,11
62,11
17,11
22,11
62,11
37,11
37,11
37,11
37,11
37,11
37,11
37,11
42,11
46,11
60,11
63,11
42,11
46,11
60,11
63,11
42,11
46,11
60,11
63,11
42,11
46,11
60,11
63,11
27,14
27,14
27,14
27,14
27,14
3,14
3,14
3,14
3,14
3,14
3,14
3,14
3,14
3,14
3,14
3,14
3,14
3,14
3,14
3,14
3,14
3,14
3,14
3,14
3,14
3,14
3,14
3,14
3,14
37,14
37,14
37,14
37,14
37,14
37,14
3,11
3,11
3,11
67,14
67,14
8,24
8,24
8,24
8,24
8,24
8,24
8,24
8,24
8,24
8,24
29,11
29,11
27,14
27,14
42,14
63,14
66,14
42,14
63,14
66,14
42,14
63,14
66,14
42,14
63,14
66,14
42,14
63,14
66,14
42,14
63,14
66,14
42,14
63,14
66,14
37,14
37,14
37,14
37,14
46,11
60,11
46,11
60,11
46,11
60,11
46,11
60,11
46,11
60,11
17,11
22,11
17,11
22,11
37,11
37,11
37,11
37,11
37,11
37,11
37,11
37,11
27,14
27,14
27,14
27,14
27,14
3,14
3,14
3,14
3,14
3,14
3,14
67,14
67,14
67,14
46,14
46,14
46,14
46,14
46,14
27,14
27,14
27,19
27,19
27,19
27,19
27,19
27,19
27,19
37,14
3,11
3,11
3,11
3,11
3,11
3,11
3,11
3,11
3,11
3,11
62,11
3,11
3,11
62,11
3,11
3,11
62,11
3,11
3,11
62,11
3,11
3,11
62,11
3,11
3,11
62,11
3,11
3,11
62,11
3,11
3,11
62,11
3,11
3,11
62,11
3,14
3,14
3,14
3,14
3,14
3,14
3,14
3,14
45,24
66,24
45,24
66,24
45,24
66,24
45,24
66,24
8,11
8,11
8,11
3,24
3,24
3,24
3,24
3,24
3,24
3,24
3,24
3,24
3,24
3,24
3,24
3,24
3,24
3,24
3,24
3,24
3,24
75,14
75,14
24,14
24,14
24,14
24,14
24,14
24,14
24,14
17,11
17,11
17,11
3,24
3,24
3,24
3,24
47,11
47,11
47,11
47,11
27,14
27,14
27,14
27,14
34,14
34,14
3,14
62,14
3,14
62,14
3,14
62,14
3,14
62,14
3,14
3,14
3,14
3,14
76,24
26,24
3,24
76,24
26,24
3,24
76,24
26,24
3,24
76,24
26,24
3,24
76,24
26,24
3,24
26,24
3,24
26,24
3,24
26,24
3,24
26,24
3,24
3,11
3,11
3,11
34,14
34,14
34,14
26,14
3,14
26,14
3,14
26,14
3,14
26,14
3,14
26,14
3,14
26,14
3,14
26,14
3,14
26,14
3,14
26,14
3,14
26,14
3,14
26,14
3,14
26,14
3,14
26,14
3,14
26,14
3,14
26,14
3,14
26,14
3,14
26,14
3,14
26,14
3,14
26,14
3,14
26,14
3,14
26,14
3,14
26,14
3,14
26,14
3,14
26,14
3,14
3,24
62,24
3,24
62,24
3,24
62,24
3,24
62,24
3,24
62,24
3,24
62,24
3,24
62,24
3,24
62,24
3,24
62,24
3,24
62,24
3,11
3,11
3,11
3,11
3,11
3,11
3,11
3,11
3,11
3,11
3,11
3,11
3,11
3,11
3,11
8,14
42,14
8,14
42,14
8,14
42,14
8,14
42,14
67,14
67,14
37,14
37,14
37,14
37,14
37,14
37,14
37,14
3,11
8,11
3,11
8,11
3,11
8,11
3,11
8,11
3,11
8,11
3,11
8,11
3,11
8,11
3,11
8,11
3,11
8,11
3,11
8,11
3,11
8,11
29,14
29,14
29,14
29,14
29,14
29,14
29,14
29,14
42,24
26,11
3,11
26,11
3,11
26,11
3,11
26,11
3,11
26,11
3,11
37,14
39,14
13,14
19,14
62,14
13,14
19,14
62,14
13,14
19,14
62,14
13,14
19,14
62,14
76,24
46,24
76,24
46,24
76,24
46,24
76,24
46,24
76,24
46,24
27,11
27,11
27,11
27,11
27,11
27,11
27,11
27,11
46,11
46,11
46,11
46,11
46,11
1,14
1,14
17,14
22,14
17,14
22,14
17,14
22,14
17,14
22,14
27,24
27,24
27,24
27,24
27,24
27,24
3,24
59,24
3,24
59,24
3,24
59,24
3,24
59,24
3,24
59,24
3,24
59,24
37,24
76,14
39,14
34,14
34,14
34,14
34,14
34,14
34,14
76,14
34,14
76,14
34,14
26,11
3,11
26,11
3,11
26,11
3,11
26,11
3,11
26,14
3,14
26,14
3,14
26,14
3,14
26,14
3,14
26,14
3,14
3,24
3,24
3,24
3,24
3,24
3,24
42,11
42,11
42,11
42,11
17,11
22,11
17,11
22,11
17,11
22,11
17,11
22,11
17,11
22,11
3,11
3,11
37,11
37,11
3,11
3,11
37,11
37,11
3,11
3,11
37,11
37,11
3,11
3,11
37,11
37,11
3,11
3,11
37,11
37,11
3,11
3,11
37,11
37,11
3,11
3,11
37,11
37,11
3,11
3,11
37,11
37,11
3,11
3,11
37,11
37,11
3,11
3,11
3,11
3,11
3,11
3,11
76,11
75,11
3,14
3,14
3,14
76,11
37,11
76,11
37,11
76,11
37,11
76,11
37,11
27,14
27,14
27,14
27,14
27,14
27,14
27,14
27,14
27,14
27,14
3,11
39,11
3,11
39,11
3,11
39,11
3,11
39,11
3,11
39,11
3,11
39,11
3,11
39,11
3,11
39,11
3,11
39,11
3,11
3,11
3,11
3,11
3,11
37,11
37,11
76,11
76,11
67,14
45,14
45,14
45,14
62,11
62,11
62,11
62,11
62,11
76,14
37,14
76,14
37,14
76,14
37,14
76,14
37,14
45,14
45,14
45,14
34,24
34,24
34,24
34,14
34,14
34,14
34,14
34,14
34,14
34,14
34,14
8,14
8,14
8,14
8,14
8,14
8,14
27,14
27,14
27,14
27,14
26,11
3,11
3,11
26,11
3,11
3,11
26,11
3,11
3,11
26,11
3,11
3,11
26,11
3,11
3,11
26,11
3,11
3,11
26,11
3,11
3,11
35,14
35,14
35,14
35,14
37,14
62,14
37,14
62,14
37,14
62,14
17,11
22,11
17,11
22,11
17,11
22,11
17,11
22,11
37,14
37,14
37,14
37,14
37,14
37,14
37,14
37,14
35,11
35,11
35,11
35,11
3,11
37,11
3,11
37,11
3,11
37,11
3,11
37,11
37,14
13,24
19,24
13,24
19,24
13,24
19,24
13,24
19,24
13,24
19,24
13,24
19,24
13,24
19,24
13,24
19,24
13,24
19,24
13,24
19,24
75,14
75,14
75,14
76,24
37,24
76,24
37,24
76,11
3,11
76,11
3,11
76,11
3,11
76,11
3,11
76,11
3,11
76,11
3,11
76,11
3,11
76,11
3,11
3,11
3,11
3,11
3,11
3,11
3,11
3,11
3,11
67,14
67,14
3,14
3,14
3,14
3,14
3,14
3,14
3,14
3,14
3,14
3,14
3,14
3,14
3,14
3,14
3,14
3,14
3,14
3,14
26,11
3,11
8,11
26,11
3,11
8,11
26,11
3,11
8,11
26,11
3,11
8,11
26,11
3,11
8,11
26,11
3,11
8,11
26,11
3,11
8,11
3,24
62,24
3,24
62,24
3,24
62,24
3,24
62,24
3,24
62,24
3,24
62,24
3,24
62,24
3,24
62,24
3,24
62,24
3,24
62,24
3,24
62,24
16,11
66,11
16,11
66,11
16,11
66,11
16,11
66,11
16,11
66,11
16,11
66,11
16,11
66,11
26,14
37,14
26,14
37,14
26,14
37,14
26,14
37,14
26,14
37,14
26,14
37,14
26,14
37,14
26,14
37,14
26,14
37,14
26,14
37,14
26,14
37,14
26,14
37,14
46,11
60,11
46,11
60,11
46,11
60,11
39,14
39,14
39,14
46,11
60,11
46,11
3,24
62,24
3,24
62,24
3,24
62,24
3,24
62,24
3,24
62,24
3,24
62,24
3,24
62,24
3,24
62,24
3,24
62,24
3,24
62,24
3,24
62,24
3,14
3,14
3,14
3,14
3,14
3,14
3,14
3,14
3,14
3,14
3,14
3,14
3,14
3,14
26,11
18,11
3,11
26,11
18,11
3,11
26,11
18,11
3,11
26,11
18,11
3,11
26,11
18,11
3,11
26,11
18,11
3,11
26,11
18,11
3,11
26,11
18,11
3,11
26,11
18,11
3,11
63,14
63,14
63,14
3,11
3,11
3,11
3,11
3,11
3,11
3,11
3,11
3,11
3,11
3,11
3,11
17,11
22,11
17,11
22,11
37,14
37,14
37,14
37,14
37,14
37,14
37,14
37,24
37,24
37,24
37,24
27,33
27,33
27,33
27,33
27,33
27,33
27,33
27,33
3,24
3,24
3,24
3,24
3,24
3,24
3,24
3,24
3,24
3,24
3,24
3,24
3,24
3,24
3,33
3,33
3,33
3,33
3,33
3,33
3,33
3,33
3,33
3,33
3,33
3,33
3,33
3,33
3,14
3,14
3,14
3,14
3,14
3,14
3,14
17,11
17,11
37,11
37,11
37,11
37,11
37,11
37,11
37,11
37,11
37,11
3,11
3,11
3,11
62,11
62,11
62,11
62,11
62,11
26,14
3,14
26,14
3,14
76,11
13,11
19,11
76,11
13,11
19,11
76,11
13,11
19,11
76,11
13,11
19,11
76,11
13,11
19,11
76,11
13,11
19,11
76,11
13,11
19,11
76,11
13,11
19,11
76,11
39,11
76,11
39,11
76,11
39,11
63,14
66,14
63,14
66,14
63,14
66,14
63,14
66,14
76,14
16,14
76,14
16,14
76,14
16,14
76,14
16,14
76,14
16,14
76,14
16,14
28,11
28,11
28,11
28,11
28,11
26,11
3,11
3,11
26,11
3,11
3,11
26,11
3,11
3,11
26,11
3,11
3,11
26,11
3,11
3,11
26,11
3,11
3,11
26,11
3,11
3,11
26,11
3,11
3,11
26,11
3,11
3,11
26,11
3,11
3,11
26,11
3,11
3,11
26,11
3,11
3,11
67,24
67,24
76,24
62,24
75,24
76,24
62,24
75,24
3,11
3,11
3,11
3,11
3,11
3,11
3,11
3,11
3,11
3,11
3,11
26,11
3,11
8,11
62,11
26,11
3,11
8,11
62,11
26,11
3,11
8,11
62,11
26,11
3,11
8,11
62,11
26,11
3,11
8,11
62,11
26,11
3,11
8,11
62,11
26,11
3,11
8,11
62,11
26,11
3,11
8,11
62,11
26,11
3,11
8,11
62,11
26,11
3,11
8,11
62,11
26,11
3,11
8,11
62,11
46,11
60,11
46,11
46,11
60,11
46,11
46,11
60,11
46,11
46,11
60,11
46,11
76,11
37,11
76,11
37,11
76,11
37,11
76,11
37,11
76,11
37,11
76,11
37,11
76,11
37,11
3,24
3,24
3,24
3,24
3,24
3,24
3,24
39,14
39,14
39,14
39,14
39,14
27,14
27,14
27,14
27,14
27,14
27,14
27,14
27,14
27,14
27,24
45,24
66,24
27,24
45,24
66,24
27,24
45,24
66,24
27,24
45,24
66,24
17,11
22,11
39,11
17,11
22,11
39,11
67,14
67,14
67,14
67,14
67,14
37,11
37,11
37,11
27,11
27,11
27,11
27,11
16,24
16,24
16,24
16,24
16,24
16,24
27,11
3,24
3,24
3,24
3,24
3,24
3,24
3,24
3,24
3,24
3,24
29,24
29,24
29,24
29,24
3,24
55,14
55,14
55,14
73,24
73,24
73,24
73,24
73,24
73,24
73,24
73,24
73,24
73,24
73,24
73,24
73,24
73,24
17,24
17,24
17,24
3,14
3,14
3,14
3,14
3,14
37,14
37,14
62,14
3,11
3,11
3,11
3,11
3,11
3,11
17,11
17,11
34,11
34,11
17,14
62,14
17,14
62,14
62,24
62,24
62,24
3,24
3,24
37,14
70,14
70,14
70,14
70,14
70,14
70,14
27,33
27,33
37,11
37,11
39,11
3,11
3,11
3,11
3,11
3,11
3,11
3,11
26,11
26,11
26,11
26,11
26,11
26,11
26,11
26,11
26,11
26,11
62,14
62,14
62,14
62,14
62,14
37,11
39,11
41,11
39,11
41,11
39,11
41,11
26,24
26,24
26,24
26,24
26,24
26,24
26,24
26,24
37,14
37,14
37,14
37,14
37,14
67,11
62,24
62,24
62,24
26,14
37,14
26,14
37,14
26,14
37,14
26,14
37,14
26,14
37,14
26,14
37,14
26,14
37,14
3,11
3,11
3,11
3,11
17,14
17,14
37,11
37,11
39,11
39,11
39,11
39,11
39,11
39,11
39,11
3,24
3,24
3,24
3,24
3,24
3,24
3,24
3,24
3,24
3,24
3,24
3,14
3,14
3,14
3,14
3,14
3,14
39,11
41,11
39,11
41,11
62,11
62,11
62,11
62,11
62,11
37,11
37,11
37,11
37,11
37,11
37,11
3,24
37,24
37,24
27,11
3,24
3,24
28,24
26,24
3,24
26,24
3,24
26,24
3,24
26,24
3,24
26,24
3,24
26,24
3,24
26,24
3,24
26,24
3,24
3,11
3,11
3,11
3,11
3,11
3,11
17,24
17,11
67,11
17,11
67,11
17,11
67,11
17,11
67,11
17,11
67,11
17,11
67,11
17,11
67,11
17,11
67,11
37,11
37,11
37,11
37,11
37,11
37,11
37,11
37,11
37,11
37,11
34,11
34,11
34,11
8,14
8,14
8,14
8,14
8,14
8,14
8,14
8,14
17,14
17,14
17,14
17,14
26,11
37,11
37,11
26,11
37,11
37,11
26,11
37,11
37,11
26,11
37,11
37,11
26,11
37,11
37,11
3,11
3,11
3,11
3,11
3,11
3,11
3,11
3,11
3,11
3,11
17,11
17,11
17,11
17,11
17,11
26,24
26,24
26,24
26,24
26,24
3,11
3,11
3,11
3,11
3,11
3,11
3,11
13,11
46,11
46,11
13,11
46,11
46,11
26,14
3,14
26,14
3,14
26,14
3,14
26,14
3,14
26,14
3,14
26,14
3,14
26,14
3,14
8,11
8,11
8,11
8,11
8,14
8,14
8,14
8,14
8,11
8,11
8,11
8,11
8,11
37,11
37,11
37,11
37,11
37,24
37,24
3,11
3,11
3,11
3,11
3,11
3,11
3,11
3,11
3,11
3,11
3,14
37,11
37,11
37,11
37,11
37,11
37,11
37,11
37,11
37,11
37,11
37,11
37,11
13,14
13,14
3,11
3,11
3,11
62,11
62,11
62,11
62,11
62,11
62,11
3,11
3,11
3,11
3,11
3,11
37,24
37,24
37,14
37,14
37,14
37,14
8,11
8,11
8,11
8,11
8,11
67,11
40,11
40,11
40,11
67,14
67,14
67,14
67,14
3,11
3,11
3,11
3,11
3,11
3,11
3,11
3,11
3,11
36,24
36,24
36,24
36,24
46,14
46,14
46,14
46,14
46,14
46,14
3,24
62,24
3,24
62,24
37,24
37,24
37,24
37,24
29,24
29,24
29,24
29,24
29,24
29,24
73,24
73,24
73,24
73,24
73,24
75,14
75,14
75,14
62,11
62,11
62,11
37,11
37,11
37,11
55,11
55,11
55,11
55,11
37,24
37,24
37,24
37,24
37,24
37,24
37,24
37,24
37,24
37,24
3,11
3,11
3,11
3,11
3,11
3,11
3,11
3,11
17,11
17,11
37,14
26,24
26,24
26,24
26,24
3,24
37,24
37,24
26,14
37,14
37,14
26,14
37,14
37,14
26,14
37,14
37,14
37,14
37,14
37,14
37,14
37,14
37,14
37,14
37,14
37,14
37,14
37,14
37,14
3,11
3,11
3,11
3,11
3,11
3,11
3,11
3,11
10,11
37,11
37,11
37,11
37,11
37,11
37,11
46,24
46,24
46,24
46,24
46,24
46,24
46,24
46,24
46,24
46,24
46,24
46,24
46,24
46,24
26,24
26,24
26,11
40,11
26,11
40,11
26,11
40,11
26,11
40,11
26,11
40,11
26,11
40,11
26,11
40,11
37,11
37,11
37,11
37,11
17,11
17,11
17,11
17,11
17,11
17,11
37,14
37,14
37,14
37,14
37,14
37,14
37,14
37,14
37,14
37,14
37,14
37,14
37,14
37,14
37,14
37,14
37,14
37,14
37,14
37,14
3,24
62,14
62,14
62,14
62,14
62,14
3,24
3,24
3,24
3,24
3,24
3,24
26,11
37,11
26,11
37,11
26,11
37,11
26,11
37,11
26,11
37,11
63,14
63,14
63,14
63,14
37,11
37,11
37,11
37,11
37,11
37,11
28,24
28,24
28,24
28,24
28,24
26,24
3,24
26,24
3,24
26,24
3,24
26,24
3,24
26,24
3,24
26,24
3,24
26,24
3,24
26,24
3,24
26,24
3,24
26,24
3,24
26,24
3,24
26,24
3,24
26,24
3,24
26,24
3,24
37,24
37,24
37,24
37,24
37,24
37,24
37,24
37,24
37,24
37,24
37,24
37,24
62,11
62,11
62,11
62,11
67,24
6,24
8,11
37,11
37,11
8,11
37,11
37,11
8,11
37,11
37,11
8,11
37,11
37,11
8,11
37,11
37,11
8,11
37,11
37,11
3,11
3,11
3,11
3,11
3,11
3,11
3,11
62,11
62,11
62,11
62,11
62,11
62,11
37,11
37,11
37,11
37,11
37,11
37,11
37,24
62,24
62,24
62,24
62,24
62,24
62,24
62,24
62,24
62,24
62,24
3,14
3,14
3,14
3,14
46,24
46,24
3,24
27,14
27,14
41,14
41,14
41,14
37,11
37,14
3,11
3,11
3,11
3,14
37,11
37,11
37,11
37,11
37,11
37,11
37,14
37,14
37,14
37,14
37,14
37,14
26,11
37,11
37,11
26,11
37,11
37,11
3,11
8,11
3,11
8,11
3,11
8,11
3,11
8,11
3,11
8,11
39,11
39,11
39,11
37,14
37,14
37,14
37,14
37,14
37,14
37,14
37,14
37,24
27,14
27,14
39,24
34,11
3,11
3,11
3,11
3,11
17,24
17,24
17,24
10,11
10,11
37,24
37,24
27,33
27,33
27,33
39,14
41,14
39,14
41,14
37,11
37,11
37,11
37,11
26,14
3,14
26,14
3,14
26,14
3,14
26,14
3,14
26,14
3,14
26,14
3,14
27,24
26,24
3,24
26,24
3,24
26,24
3,24
26,24
3,24
26,24
3,24
26,24
3,24
26,24
3,24
26,24
3,24
26,24
3,24
26,24
3,24
67,14
67,14
67,14
67,14
67,11
67,11
27,14
27,14
27,14
27,14
27,14
27,14
27,14
27,14
3,14
3,14
3,14
3,14
33,14
33,14
33,14
33,14
43,11
43,11
43,11
67,14
67,14
67,14
3,14
3,14
3,14
62,11
62,11
62,11
62,11
62,11
37,33
37,33
29,14
43,14
29,14
43,14
29,14
43,14
29,14
43,14
37,11
37,11
29,11
3,33
27,33
3,33
27,33
3,33
27,33
3,33
27,33
3,33
27,33
3,33
27,33
3,33
27,33
3,33
27,33
3,33
27,33
3,33
27,33
3,33
27,33
3,33
27,33
3,33
27,33
3,33
27,33
3,33
27,33
3,33
27,33
3,33
27,33
3,33
27,33
3,33
27,33
3,33
27,33
3,33
27,33
34,14
34,14
34,14
34,14
34,14
29,24
29,24
29,24
29,24
29,24
37,14
37,14
37,14
37,14
3,24
3,24
3,24
37,14
37,14
62,14
37,14
37,14
62,14
46,24
46,24
3,24
46,24
46,24
3,24
46,24
46,24
3,24
46,24
46,24
3,24
37,14
37,14
37,14
37,14
67,14
67,14
67,14
17,11
17,11
17,11
17,14
17,14
17,14
17,14
37,24
37,24
63,11
63,11
63,11
63,11
63,11
3,24
8,24
3,24
8,24
3,24
8,24
3,24
8,24
3,24
8,24
37,11
37,11
37,11
37,11
37,11
37,11
37,11
37,11
37,11
37,11
37,11
37,11
39,11
41,11
39,11
41,11
17,11
17,11
17,11
17,11
3,24
3,24
3,24
3,24
3,24
3,11
3,11
3,11
3,11
3,11
3,11
3,11
62,24
62,24
62,24
46,11
46,11
46,11
46,11
62,11
62,11
62,11
62,11
62,11
62,11
17,14
17,14
17,14
17,14
37,11
37,11
37,11
37,11
37,11
37,11
37,11
37,11
37,11
37,11
46,11
46,11
46,11
46,11
46,11
46,11
26,24
3,24
26,24
3,24
26,24
3,24
26,24
3,24
26,24
3,24
26,24
3,24
26,14
3,14
26,14
3,14
26,14
3,14
26,14
3,14
26,14
3,14
26,14
3,14
26,14
3,14
26,14
3,14
62,24
62,24
62,24
62,24
62,24
39,11
62,24
62,24
62,24
62,24
62,24
62,24
26,11
37,11
37,11
26,11
37,11
37,11
26,11
37,11
37,11
26,11
37,11
37,11
26,11
37,11
37,11
26,11
37,11
37,11
26,11
37,11
37,11
26,11
37,11
37,11
26,11
37,11
37,11
17,11
17,11
17,11
17,11
17,11
17,11
17,11
17,11
67,14
67,14
67,14
3,11
3,11
3,11
3,11
3,11
3,11
3,11
37,11
37,11
62,11
62,11
62,11
62,11
3,24
39,14
39,14
39,14
37,24
37,24
37,24
37,24
37,24
37,24
16,14
46,14
46,14
16,14
46,14
46,14
16,14
46,14
46,14
39,14
39,14
39,14
39,14
3,14
3,14
3,14
3,14
3,14
3,14
3,14
37,14
37,14
37,14
37,14
37,14
37,14
37,14
37,14
37,14
37,14
3,24
3,24
3,24
3,24
3,24
3,24
39,11
39,11
39,11
3,11
3,11
3,33
3,33
3,33
3,33
3,33
3,33
3,33
3,33
3,33
3,33
26,11
3,11
26,11
3,11
26,11
3,11
26,11
3,11
26,11
3,11
26,11
3,11
26,11
3,11
3,11
3,11
3,11
3,11
3,11
3,11
3,11
3,11
46,11
46,11
67,11
67,11
59,24
59,24
59,24
59,24
59,24
59,24
46,24
46,24
46,24
46,24
46,24
46,24
3,24
3,24
3,24
3,24
3,24
3,24
3,24
46,11
46,11
59,11
59,11
59,11
37,11
37,11
37,11
37,11
37,11
37,11
3,24
3,24
3,24
3,24
3,24
3,24
3,24
3,24
3,11
3,11
3,11
3,11
3,11
3,11
3,11
3,11
3,11
3,11
17,11
17,11
26,11
26,11
26,11
26,11
26,11
3,24
3,24
3,24
3,24
3,24
3,24
3,24
3,24
3,24
3,24
3,24
3,24
3,24
62,24
3,24
62,24
3,24
62,24
3,24
62,24
3,24
62,24
3,24
62,24
3,24
62,24
3,24
62,24
3,24
62,24
37,11
37,11
37,11
37,11
67,11
67,11
67,11
62,14
62,14
62,14
62,14
62,14
62,14
62,14
62,14
62,14
62,14
46,24
46,24
17,11
17,11
17,11
37,11
37,11
37,11
37,11
37,11
37,11
37,14
37,14
37,14
37,14
37,14
37,14
37,14
37,14
37,14
37,14
37,14
37,14
37,14
37,14
37,14
17,11
17,11
17,11
37,11
37,11
37,11
37,11
37,11
37,11
37,11
37,11
37,11
37,11
37,11
37,11
3,11
37,11
3,11
37,11
3,11
37,11
3,11
37,11
34,11
34,11
34,24
17,14
17,14
17,14
17,14
27,24
27,24
27,24
27,24
27,24
62,11
62,11
62,11
62,11
62,11
62,11
37,24
37,33
37,33
10,24
3,19
36,19
3,19
36,19
3,19
36,19
3,19
36,19
3,19
36,19
37,24
5,11
17,11
17,11
41,11
41,11
3,24
3,24
3,24
3,24
3,24
67,11
17,11
17,11
17,11
17,11
17,11
17,11
3,24
62,24
3,24
62,24
3,24
62,24
3,24
62,24
3,24
62,24
55,11
63,11
55,11
63,11
46,11
46,11
46,11
46,11
46,11
46,11
46,11
46,11
3,11
3,11
37,14
37,14
37,14
37,14
37,14
37,14
37,14
37,14
37,14
37,14
3,24
3,24
3,24
62,24
3,24
62,24
3,24
62,24
3,24
62,24
3,24
62,24
3,24
62,24
3,24
62,24
46,14
46,14
46,14
46,14
46,14
46,14
62,14
62,14
3,33
3,24
3,24
37,14
37,14
17,11
17,11
17,11
37,11
37,11
37,11
37,11
37,11
37,11
3,24
3,24
3,24
46,24
46,24
37,24
39,14
39,14
39,14
39,14
3,11
3,11
3,11
3,11
3,11
3,11
62,11
3,11
62,11
3,11
62,11
26,14
3,14
26,14
3,14
26,14
3,14
26,14
3,14
17,24
62,24
17,24
62,24
17,24
62,24
62,11
75,11
62,11
75,11
62,11
75,11
62,11
75,11
26,11
55,11
26,11
55,11
26,11
55,11
26,11
55,11
26,11
55,11
37,11
37,11
37,11
37,11
37,11
37,11
37,11
37,11
24,11
55,11
63,11
55,11
63,11
55,11
63,11
55,11
63,11
55,11
63,11
55,11
63,11
3,24
3,24
27,11
27,11
37,14
37,14
37,14
37,14
26,24
3,24
26,24
3,24
26,24
3,24
67,11
67,11
67,11
17,24
54,24
75,14
75,14
75,14
75,14
3,14
3,14
3,14
3,14
62,11
62,11
62,11
62,11
62,11
17,11
17,11
37,11
37,11
37,11
37,11
37,11
37,11
37,11
37,11
37,11
37,11
3,33
63,11
63,11
63,11
63,11
63,11
63,11
63,11
63,11
63,11
63,11
63,11
63,11
63,11
63,11
63,11
3,24
3,24
3,24
3,24
3,24
3,24
17,11
17,11
26,11
26,11
26,11
26,11
26,11
26,11
26,11
26,11
26,11
34,11
34,11
34,11
34,11
3,24
3,24
3,24
3,24
3,24
3,24
3,24
3,24
3,24
3,24
3,24
3,24
3,24
3,24
3,24
3,24
3,24
3,24
3,11
3,11
3,11
37,14
37,14
37,14
37,14
37,14
37,14
46,24
46,24
46,24
46,24
3,14
3,14
3,14
3,14
3,14
3,24
62,24
3,24
62,24
3,24
62,24
3,24
62,24
3,24
62,24
67,11
67,11
67,11
67,11
67,11
67,11
39,14
39,14
39,14
39,14
39,14
39,14
62,11
62,11
62,11
62,11
62,11
62,11
62,11
17,11
17,11
17,11
17,11
17,11
37,11
37,11
37,11
37,11
37,14
37,14
34,11
34,11
39,11
26,14
3,14
37,11
37,11
37,11
37,11
37,11
67,14
67,14
26,24
26,24
26,24
26,24
26,24
17,24
62,11
37,33
37,33
37,33
37,33
37,33
26,11
3,11
26,11
3,11
26,11
3,11
3,24
3,24
37,11
37,11
37,11
37,11
37,11
37,11
37,11
37,11
37,11
37,11
37,11
37,11
26,11
37,11
26,11
37,11
26,11
37,11
26,11
37,11
26,11
37,11
20,14
20,14
20,14
20,14
20,14
46,24
46,24
3,24
63,24
27,11
27,11
27,11
73,14
73,14
73,14
37,14
37,14
37,14
37,14
37,14
37,14
37,14
37,14
8,14
13,14
16,14
8,14
13,14
16,14
39,14
39,14
39,14
55,11
55,11
55,11
55,11
55,11
55,11
3,11
3,11
3,11
3,11
3,11
3,11
3,11
3,11
41,24
73,24
41,24
73,24
37,24
37,24
37,24
37,24
37,11
37,11
37,11
37,11
37,11
37,11
37,11
37,11
37,11
37,11
37,11
37,11
37,11
37,11
27,14
27,14
27,14
27,14
27,14
27,14
27,14
39,14
39,14
39,14
8,14
26,11
37,11
26,11
37,11
26,11
37,11
37,14
37,14
37,14
37,14
37,14
37,14
37,14
37,14
37,14
37,14
37,14
37,14
26,14
3,14
26,14
3,14
26,14
3,14
26,14
3,14
37,14
37,14
62,24
62,24
62,24
62,24
26,24
26,24
26,11
26,11
26,11
26,11
26,11
26,11
26,11
26,11
26,11
26,11
26,11
26,11
26,11
26,11
26,11
26,11
37,11
37,11
37,11
37,11
37,11
37,11
37,11
37,11
37,14
37,14
37,14
37,14
37,14
37,14
37,14
37,14
3,14
3,14
3,14
3,14
3,14
3,14
3,14
3,14
3,14
3,14
3,14
3,14
3,14
3,14
3,14
3,14
3,14
3,14
34,11
37,11
37,11
37,11
37,11
37,11
37,11
3,11
3,11
3,11
3,11
3,11
3,11
62,11
62,11
62,11
37,24
58,24
58,24
58,24
58,24
67,24
17,11
17,11
37,11
45,11
37,11
45,11
37,11
37,11
37,11
3,11
3,11
3,11
3,11
37,11
37,11
37,11
37,11
37,11
37,11
67,11
3,11
3,11
3,11
3,11
3,11
3,11
3,11
3,11
3,11
3,11
3,11
3,11
3,11
3,11
37,11
3,24
37,24
3,24
37,24
67,11
3,14
3,14
3,14
3,11
3,11
46,24
46,24
46,24
46,24
46,24
3,11
3,11
3,11
27,33
27,33
27,33
29,24
29,24
29,24
29,24
62,11
62,11
62,11
62,11
3,14
62,14
3,14
62,14
3,14
62,14
67,14
17,11
63,11
66,11
63,11
66,11
63,11
66,11
63,11
66,11
47,24
47,24
67,11
67,11
63,14
63,14
63,14
63,14
62,11
62,11
62,11
62,11
37,24
37,11
37,11
37,11
17,11
17,11
3,11
3,11
3,11
3,11
3,11
3,11
3,11
3,11
3,11
41,11
37,11
37,11
37,11
27,33
27,33
37,11
37,11
3,24
3,24
3,24
3,24
3,11
67,11
27,14
27,14
27,14
27,14
27,14
3,11
8,11
3,11
8,11
3,11
8,11
3,11
8,11
3,11
8,11
3,24
3,24
3,24
3,24
3,24
3,24
34,11
37,11
37,11
37,11
37,11
37,11
37,11
37,11
37,11
37,11
7,11
7,11
7,11
7,11
7,11
7,11
75,11
3,24
3,24
3,24
3,24
3,24
3,24
3,24
3,24
3,24
3,24
3,24
3,24
3,24
3,24
3,11
3,11
3,11
3,11
3,11
3,11
27,11
27,11
27,11
27,11
27,11
67,33
46,11
46,11
46,11
62,11
62,11
62,11
62,11
62,11
67,14
53,11
53,11
53,11
27,11
62,11
62,11
62,11
62,11
39,11
37,24
61,24
3,14
3,14
3,14
3,14
3,11
3,11
3,11
3,11
3,11
3,11
3,11
3,11
3,11
3,11
3,11
3,11
3,11
3,11
3,11
3,11
3,11
40,24
40,24
40,24
40,24
40,24
40,24
46,11
46,11
46,11
46,11
37,24
29,24
29,24
29,24
29,24
53,11
37,11
3,24
3,24
3,24
3,24
59,11
59,11
59,11
37,14
37,14
17,14
3,14
3,14
3,14
3,14
3,11
28,11
3,11
28,11
3,11
28,11
3,11
28,11
46,24
46,24
46,24
46,24
45,24
45,24
37,11
37,11
28,11
28,11
28,11
37,14
66,14
3,14
66,14
3,14
34,11
37,11
37,11
37,11
39,11
39,11
27,33
27,33
27,33
27,33
27,33
8,11
8,11
8,11
8,11
3,11
3,11
37,11
46,24
46,24
46,24
46,24
46,24
46,24
46,24
3,24
26,24
26,24
26,24
26,24
26,24
26,24
26,24
26,24
40,14
40,14
40,14
40,14
40,14
40,14
40,14
40,14
40,14
40,14
40,14
40,14
37,14
37,14
37,14
62,14
62,14
62,14
62,14
27,11
75,11
73,11
73,11
73,11
73,11
3,11
3,11
3,11
3,11
3,11
6,11
39,11
6,11
39,11
27,14
34,24
37,11
37,11
45,11
45,11
45,11
45,11
27,14
27,14
27,14
27,14
39,11
17,14
22,14
17,14
22,14
17,14
22,14
17,14
22,14
3,11
29,11
3,11
29,11
3,11
29,11
3,11
29,11
3,11
29,11
3,24
3,24
3,24
3,24
3,24
3,24
3,24
3,24
3,24
3,24
3,24
3,24
3,24
3,24
37,11
37,11
37,11
37,11
37,11
37,11
46,24
46,24
46,24
37,24
29,11
29,11
29,11
29,11
29,11
29,11
45,11
45,11
45,11
45,11
17,11
67,11
39,14
27,14
27,14
17,11
17,11
27,14
62,11
3,11
3,11
3,11
3,11
3,11
37,14
37,11
37,11
37,11
37,11
37,11
37,11
37,11
37,11
37,11
37,11
3,11
3,11
3,11
3,11
3,11
3,11
3,11
3,11
39,14
37,11
37,11
27,11
27,11
27,11
34,24
37,11
37,11
27,11
27,11
27,11
27,11
27,11
27,11
27,11
27,11
27,11
27,11
67,24
59,24
59,24
59,24
59,24
34,14
63,11
63,11
39,11
39,11
62,14
62,14
62,14
62,14
62,11
62,11
62,11
62,11
62,11
62,11
62,11
62,11
62,11
62,11
27,11
27,11
27,11
3,11
8,11
3,11
8,11
3,11
8,11
3,11
8,11
3,11
8,11
27,33
27,33
27,33
37,11
37,11
37,11
37,11
37,11
37,11
37,11
37,14
17,11
17,11
3,14
3,14
3,14
17,11
27,11
27,11
37,14
37,14
3,24
3,24
3,24
3,24
16,24
16,24
16,24
16,24
53,24
53,24
53,24
29,11
37,24
37,24
37,24
37,24
37,24
37,24
37,24
67,11
37,14
37,14
37,14
37,14
27,33
27,33
27,33
3,14
3,14
3,14
37,14
37,11
37,11
3,11
3,11
3,14
3,14
29,11
29,11
29,11
46,24
8,24
8,24
8,24
37,14
37,14
3,24
3,24
3,24
3,24
3,24
3,11
3,11
3,11
3,11
27,14
27,14
27,14
27,14
27,14
27,14
27,14
62,24
62,24
62,24
24,11
24,11
3,14
3,14
3,11
67,14
28,11
28,11
28,11
28,11
28,11
28,11
28,11
46,24
46,24
46,24
46,24
46,24
46,24
3,24
3,24
37,11
37,11
17,11
17,11
17,11
17,11
37,11
3,14
3,14
37,11
37,11
37,11
37,11
51,11
53,11
53,11
8,11
8,11
8,11
8,11
36,24
36,24
36,24
36,24
36,24
36,24
36,24
3,24
3,24
3,24
3,24
3,24
3,24
3,24
3,24
3,24
3,24
3,24
3,24
3,24
3,24
8,14
8,14
37,11
37,11
37,11
37,11
29,11
29,11
29,11
29,11
29,11
29,11
29,11
29,11
29,11
29,11
29,11
29,11
37,14
37,14
37,14
37,14
37,14
27,14
27,14
27,14
27,14
27,14
37,11
37,11
37,11
37,14
37,14
37,14
37,14
39,11
37,11
37,11
37,11
37,11
37,11
37,11
37,11
37,24
37,24
37,24
75,14
75,14
37,24
34,11
3,24
3,24
3,24
3,24
3,24
37,11
37,11
37,11
37,11
37,11
37,11
45,14
45,14
45,14
45,14
45,14
45,14
27,33
27,33
27,33
27,33
27,33
37,24
37,14
37,14
37,14
37,14
37,14
37,14
37,14
37,14
27,33
37,33
27,33
37,33
27,33
37,33
27,33
37,33
46,11
46,11
46,11
46,11
6,24
6,24
6,24
37,11
37,11
62,14
75,11
37,24
37,24
37,24
37,24
37,24
37,24
37,24
37,24
27,11
27,11
27,11
27,11
27,11
17,14
17,14
17,14
17,14
3,24
37,24
37,11
45,11
37,11
45,11
37,11
45,11
37,11
45,11
37,14
37,14
37,14
37,14
37,11
37,11
37,11
17,11
1,14
1,14
62,11
46,11
62,11
46,11
62,11
46,11
62,11
46,11
37,11
37,11
27,24
56,24
56,24
67,11
67,11
39,24
37,24
37,24
37,24
37,24
37,24
37,11
37,11
39,11
39,11
39,11
17,11
67,11
6,11
17,11
67,11
6,11
17,11
67,11
6,11
67,11
67,11
3,11
37,11
3,24
3,24
3,24
3,24
67,11
3,11
3,11
3,11
3,11
27,14
27,14
27,14
27,14
27,14
27,14
3,11
3,11
3,11
3,24
3,24
3,24
3,11
3,11
3,11
39,14
73,11
73,11
73,11
73,11
73,11
73,11
73,11
37,11
39,14
46,24
46,24
46,24
46,24
67,14
26,11
26,11
37,14
37,14
37,14
37,14
37,14
37,24
37,11
37,11
3,24
3,11
63,14
66,14
63,14
66,14
63,14
66,14
63,14
66,14
63,14
66,14
63,14
66,14
39,14
46,11
37,11
37,11
37,11
37,11
40,24
40,24
40,24
40,24
40,24
40,24
72,11
72,11
72,11
72,11
37,11
37,11
27,33
27,33
27,33
27,33
27,33
27,33
27,33
28,11
28,11
28,11
28,11
28,11
28,11
28,11
28,11
28,11
37,14
37,14
30,11
30,11
30,11
30,11
17,14
17,14
17,14
39,14
39,14
39,14
37,11
37,11
37,11
21,11
21,11
21,11
21,11
21,11
46,33
46,33
3,24
3,24
3,24
3,24
3,24
3,24
3,24
3,24
40,11
40,11
40,11
40,11
40,11
40,11
37,11
37,11
62,24
39,11
46,24
46,24
46,24
3,11
29,11
62,11
29,11
62,11
37,11
37,11
43,24
43,24
43,24
37,11
37,11
3,14
3,11
37,11
3,11
37,11
3,11
37,11
3,11
37,11
3,11
37,11
3,11
37,11
29,11
29,11
29,11
29,11
29,11
37,11
37,11
37,11
37,11
37,11
37,11
62,11
62,11
37,14
37,14
34,11
34,11
3,11
3,11
3,11
27,24
27,24
27,24
27,24
46,24
37,11
37,11
26,11
3,11
26,11
3,11
26,11
3,11
26,11
3,11
26,11
3,11
3,14
3,14
39,11
3,24
3,14
3,14
3,14
37,11
62,11
37,11
62,11
37,11
62,11
37,11
62,11
46,11
46,11
46,11
40,11
40,11
40,11
40,11
17,24
17,24
17,24
63,14
66,14
37,11
27,14
27,14
27,14
17,24
37,11
37,11
3,24
3,24
3,24
3,24
3,24
3,24
3,24
3,24
37,11
29,24
29,24
37,14
37,14
37,14
37,14
63,14
66,14
63,14
66,14
63,14
66,14
63,14
66,14
63,14
66,14
3,33
3,33
3,33
3,33
3,33
66,11
66,11
66,11
66,11
66,11
66,11
37,24
37,24
37,24
37,24
37,24
37,24
3,14
3,14
3,14
3,24
40,24
3,24
40,24
27,14
3,14
27,14
3,14
27,14
3,14
27,14
3,14
3,24
3,24
3,24
3,24
27,11
27,11
27,11
27,11
27,11
27,11
27,11
37,11
37,11
41,11
41,11
17,11
37,14
37,14
37,14
37,11
67,11
17,11
37,11
37,11
40,24
40,24
40,24
37,24
37,24
66,11
66,11
8,11
8,11
37,11
37,11
37,11
37,11
29,11
29,11
29,11
27,11
3,11
27,11
3,11
27,11
3,11
27,11
3,11
3,11
3,11
3,24
3,24
3,24
3,24
3,11
53,11
3,11
53,11
3,11
53,11
3,11
53,11
29,11
29,11
46,33
46,33
46,33
46,33
67,11
37,11
37,11
37,14
75,11
3,14
3,14
37,14
13,14
19,14
13,14
19,14
13,14
19,14
13,14
19,14
13,14
19,14
13,14
19,14
13,14
19,14
13,14
19,14
13,14
19,14
13,14
19,14
13,14
19,14
13,14
19,14
13,14
19,14
13,14
19,14
13,14
19,14
13,14
19,14
28,11
28,11
28,11
28,11
28,11
28,11
3,24
3,24
3,24
3,24
3,24
3,24
3,24
62,11
62,11
46,24
46,24
46,24
46,24
27,11
27,11
27,11
27,11
27,11
3,11
3,11
13,24
19,24
37,11
37,11
17,11
3,14
3,14
3,14
3,14
3,14
3,14
3,14
3,14
3,14
3,14
37,11
46,14
46,14
8,24
8,24
8,24
8,24
8,24
8,24
27,11
27,11
27,11
37,11
17,24
27,33
27,33
27,33
27,33
17,11
17,11
17,11
17,11
27,14
6,14
27,14
6,14
27,14
6,14
27,14
6,14
27,14
6,14
3,14
3,14
3,24
3,24
3,24
3,24
3,24
3,24
3,24
3,24
3,24
3,24
27,11
27,11
27,11
29,11
29,11
29,11
29,11
37,11
45,14
45,14
17,11
37,11
37,11
27,14
27,14
27,14
27,14
73,24
73,24
73,24
73,24
73,24
73,24
73,24
73,24
73,24
73,24
73,24
37,11
37,11
37,11
37,11
37,11
37,11
37,11
20,11
20,11
20,11
20,11
20,11
20,11
75,11
17,14
62,14
40,14
62,14
40,14
62,14
40,14
62,14
40,14
46,24
46,24
46,24
46,24
3,33
3,33
21,11
21,11
21,11
46,24
46,24
46,24
37,11
37,11
37,11
37,11
37,11
37,11
37,24
37,24
37,24
37,24
37,24
37,11
37,11
37,11
37,11
63,24
66,24
63,24
66,24
63,24
66,24
41,24
37,11
37,11
37,11
37,11
37,11
53,14
53,14
29,11
29,11
29,11
29,11
41,24
41,24
41,24
37,14
37,14
37,14
37,14
37,14
37,14
37,14
37,14
37,14
37,14
46,14
46,14
35,11
37,24
39,11
37,11
37,11
67,11
27,11
27,11
27,11
27,11
34,11
3,14
16,14
3,14
3,14
16,14
3,14
63,24
66,24
63,24
66,24
63,24
66,24
37,11
37,11
53,11
53,11
53,11
53,11
53,11
41,11
8,11
8,11
8,11
37,14
27,14
3,14
37,11
37,11
29,11
29,11
29,11
29,11
3,24
3,24
3,24
3,24
4,24
4,24
4,24
6,11
6,11
37,24
37,24
46,11
39,14
39,14
3,14
13,14
19,14
3,14
13,14
19,14
3,14
13,14
19,14
3,14
13,14
19,14
3,14
13,14
19,14
3,14
13,14
19,14
3,14
13,14
19,14
3,14
13,14
19,14
3,14
13,14
19,14
3,14
13,14
19,14
3,14
13,14
19,14
3,14
13,14
19,14
3,24
3,24
3,24
3,24
3,24
3,24
3,24
37,11
37,11
37,24
73,24
66,11
52,11
66,11
52,11
27,11
27,11
27,11
27,11
27,11
27,11
27,11
27,11
27,11
27,11
27,11
27,11
39,14
39,14
39,14
27,14
27,14
27,14
27,14
46,11
3,11
3,11
37,11
37,11
73,24
73,24
73,24
73,24
17,11
17,11
17,11
17,11
53,11
53,11
53,11
53,11
53,11
3,24
3,24
3,24
3,24
3,24
3,24
3,24
37,24
37,24
3,11
3,11
37,24
3,14
3,14
8,11
8,11
8,11
8,11
8,11
17,11
17,11
17,11
17,11
47,11
47,11
3,14
3,14
3,14
3,14
3,14
3,14
16,11
27,11
16,11
27,11
46,11
46,11
46,11
46,11
46,11
3,11
3,11
3,11
3,11
3,11
3,11
37,24
37,24
46,14
46,14
46,14
46,14
46,14
24,11
37,24
37,24
37,24
37,24
52,11
52,11
37,11
37,11
37,11
37,11
37,11
37,11
37,11
27,24
27,24
27,24
27,24
27,24
27,24
16,11
16,11
39,14
37,11
37,11
52,24
3,11
3,11
3,11
3,11
3,11
3,11
3,11
3,11
3,11
3,11
3,11
3,11
3,11
8,11
3,11
8,11
3,11
8,11
45,14
37,11
37,11
37,11
37,11
62,24
8,24
62,24
8,24
62,24
8,24
62,24
8,24
62,24
8,24
62,24
8,24
62,24
8,24
17,11
37,11
37,11
37,11
37,11
20,24
62,11
62,11
37,14
29,11
29,11
29,11
62,11
62,11
62,11
3,11
8,11
3,11
8,11
37,14
37,14
37,14
53,24
45,11
45,11
45,11
45,11
3,24
3,24
54,24
54,24
3,14
3,14
3,14
3,14
3,14
27,33
37,33
6,33
27,33
37,33
6,33
27,33
37,33
6,33
27,33
37,33
6,33
3,11
37,11
3,11
37,11
3,11
37,11
3,11
37,11
3,11
37,11
3,11
37,11
3,11
37,11
3,11
37,11
27,11
27,11
75,11
3,11
3,11
3,11
3,11
34,11
17,11
59,24
59,24
59,24
37,24
37,24
37,24
37,24
37,24
27,11
37,14
37,14
37,14
37,14
37,14
37,14
37,14
37,14
37,24
37,24
37,24
37,24
37,24
17,11
22,11
17,11
22,11
62,11
62,11
3,11
8,11
3,11
8,11
75,11
75,11
53,11
53,11
53,11
53,11
53,11
53,11
3,11
3,11
3,11
3,11
27,24
37,24
27,24
37,24
27,24
37,24
27,24
37,24
27,24
37,24
37,11
37,11
37,11
37,11
37,11
37,11
37,11
37,11
37,11
37,11
37,11
37,11
67,14
63,11
66,11
27,11
63,11
66,11
27,11
63,11
66,11
27,11
63,11
66,11
27,11
62,14
17,11
37,14
37,14
37,14
37,14
37,14
37,14
37,14
37,14
39,14
27,14
37,14
27,14
37,14
27,14
37,14
27,14
37,14
27,14
37,14
8,14
8,14
62,11
37,24
3,11
3,11
3,11
3,11
3,14
3,14
37,14
62,14
37,14
62,14
37,14
62,14
37,14
62,14
37,14
62,14
37,14
62,14
37,14
62,14
37,14
62,14
37,14
62,14
37,14
62,14
37,11
37,11
3,24
3,24
3,24
3,24
62,11
46,11
62,11
46,11
62,11
46,11
28,11
28,11
28,11
28,11
28,11
28,11
28,11
28,11
28,11
28,11
28,11
28,11
28,14
28,14
28,14
27,14
27,14
3,14
3,14
37,14
37,14
37,14
37,14
37,14
46,11
46,11
46,11
17,11
17,11
37,14
37,14
27,11
37,11
37,11
3,14
3,14
3,14
3,14
3,14
3,14
3,14
3,14
3,14
3,14
3,14
3,14
3,14
3,14
3,14
3,14
27,11
37,11
27,11
37,11
27,11
37,11
34,11
67,11
46,11
46,11
46,11
46,11
46,11
63,24
66,24
63,24
66,24
27,33
39,33
6,33
27,33
39,33
6,33
27,33
39,33
6,33
37,24
37,24
37,24
46,11
46,11
46,11
63,11
66,11
63,11
66,11
3,24
3,24
3,24
3,24
3,24
34,11
34,11
37,24
37,24
13,11
19,11
13,11
19,11
13,11
19,11
13,11
19,11
13,11
19,11
13,11
19,11
13,11
19,11
37,14
37,14
37,14
37,14
37,24
37,24
67,14
37,24
37,24
37,24
37,24
37,24
37,24
37,24
37,24
37,24
37,24
27,33
27,33
27,33
27,33
27,33
27,33
27,33
27,33
27,33
27,33
37,24
37,24
37,11
37,11
37,11
37,11
62,14
62,14
62,14
62,14
62,14
27,11
27,11
27,11
27,11
27,11
27,11
27,11
27,11
27,11
27,11
27,11
27,11
39,14
27,11
27,11
17,24
22,24
17,24
22,24
17,24
22,24
17,11
3,11
3,11
3,11
3,11
3,11
3,11
3,11
3,11
3,11
3,11
3,11
3,11
3,11
3,11
3,11
3,11
3,11
3,11
3,11
3,11
62,11
62,11
62,11
62,11
62,11
62,11
62,11
62,11
62,11
62,11
62,11
62,11
62,11
62,11
51,11
51,11
51,11
51,11
27,14
27,14
46,24
46,24
3,11
37,24
37,24
27,14
27,14
27,14
3,14
27,14
27,14
27,14
27,14
27,14
27,14
27,14
27,14
17,14
37,14
37,14
34,24
62,11
62,11
62,11
37,11
37,11
37,11
37,11
37,11
37,11
17,11
27,11
27,11
27,11
27,11
27,11
27,11
24,11
13,24
19,24
13,24
19,24
13,24
19,24
13,24
19,24
13,24
19,24
13,24
19,24
13,24
19,24
13,24
19,24
13,24
19,24
13,24
19,24
13,24
19,24
13,24
19,24
13,24
19,24
13,24
19,24
13,24
19,24
13,24
19,24
37,11
37,11
37,11
62,24
62,24
37,24
